2017.02.03 01:30:00,1.0765200000000001,1.07511,1.076023
2017.02.03 01:45:00,1.07643,1.0746799999999999,1.0764685
2017.02.03 02:00:00,1.0762399999999999,1.07415,1.0759946
2017.02.03 02:15:00,1.0761100000000001,1.07415,1.0762917
2017.02.03 02:30:00,1.07549,1.07415,1.0755632
2017.02.03 02:45:00,1.07549,1.07392,1.075315
2017.02.03 03:00:00,1.0748799999999998,1.07392,1.0747781
2017.02.03 03:15:00,1.0747799999999998,1.07392,1.0750071
2017.02.03 03:30:00,1.07473,1.07392,1.0747615
2017.02.03 03:45:00,1.07473,1.07408,1.0744107
2017.02.03 04:00:00,1.07459,1.07364,1.0745492
2017.02.03 04:15:00,1.0745,1.07364,1.0745993
2017.02.03 04:30:00,1.07445,1.0736,1.0746183
2017.02.03 04:45:00,1.07437,1.07287,1.0744245 
2017.02.03 05:00:00,1.07415,1.0727200000000001,1.0741031
2017.02.03 05:15:00,1.07415,1.0727200000000001,1.0742674
2017.02.03 05:30:00,1.07395,1.0727200000000001,1.074011
2017.02.03 05:45:00,1.07427,1.0727200000000001,1.073326
2017.02.03 06:00:00,1.07427,1.07276,1.0733169
2017.02.03 06:15:00,1.07427,1.0729899999999999,1.0732869
2017.02.03 06:30:00,1.07427,1.07304,1.0740435
2017.02.03 06:45:00,1.0771600000000001,1.07161,1.0742458
2017.02.03 07:00:00,1.0771600000000001,1.07161,1.073773
2017.02.03 07:15:00,1.0782100000000001,1.07161,1.074198
2017.02.03 07:30:00,1.0782100000000001,1.07161,1.0736862
2017.02.03 07:45:00,1.0782100000000001,1.07446,1.0754559
2017.02.03 08:00:00,1.0782100000000001,1.0755700000000001,1.0755213
2017.02.03 08:15:00,1.07752,1.07572,1.0770901
2017.02.03 08:30:00,1.0789,1.0757299999999999,1.0761454
2017.02.03 08:45:00,1.07945,1.07578,1.0769091
2017.02.03 09:00:00,1.07972,1.0762,1.0765486
2017.02.03 09:15:00,1.07972,1.07715,1.0774022
2017.02.03 09:30:00,1.07972,1.07768,1.0784112
2017.02.03 09:45:00,1.07972,1.0776700000000001,1.0793467
2017.02.03 10:00:00,1.07923,1.0776700000000001,1.0789838
2017.02.03 10:15:00,1.07938,1.0776700000000001,1.0784631
2017.02.03 10:30:00,1.07938,1.0776700000000001,1.0782745
2017.02.03 10:45:00,1.07938,1.0781100000000001,1.078961
2017.02.03 11:00:00,1.07938,1.0779100000000001,1.0792049
2017.02.03 11:15:00,1.07905,1.0779100000000001,1.0790256
2017.02.03 11:30:00,1.07861,1.07735,1.0787222
2017.02.03 11:45:00,1.07861,1.0764799999999999,1.0785704
2017.02.03 12:00:00,1.07861,1.07647,1.0785236
2017.02.03 12:15:00,1.07826,1.07588,1.0785539
2017.02.03 12:30:00,1.0777299999999999,1.07588,1.0778639
2017.02.03 12:45:00,1.07712,1.07588,1.0771248
2017.02.03 13:00:00,1.07687,1.07588,1.0771186
2017.02.03 13:15:00,1.0772,1.07592,1.0767281
2017.02.03 13:30:00,1.0775299999999999,1.07592,1.0765635
2017.02.03 13:45:00,1.0781,1.07592,1.0764515
2017.02.03 14:00:00,1.0781,1.0765,1.0767735
2017.02.03 14:15:00,1.07815,1.07708,1.077257
2017.02.03 14:30:00,1.07843,1.07724,1.0775163
2017.02.03 14:45:00,1.07843,1.07736,1.0778985
2017.02.03 15:00:00,1.07866,1.07775,1.0780374
2017.02.03 15:15:00,1.0795,1.07792,1.078188
2017.02.03 15:30:00,1.07971,1.07792,1.0785552
2017.02.03 15:45:00,1.07971,1.07805,1.0782626
2017.02.05 15:00:00,1.07971,1.07894,1.078617
2017.02.05 15:15:00,1.07971,1.07836,1.0798576
2017.02.05 15:30:00,1.07914,1.07836,1.0794164
2017.02.05 15:45:00,1.07911,1.07836,1.0792693
2017.02.05 16:00:00,1.07911,1.0782100000000001,1.0791739
2017.02.05 16:15:00,1.07895,1.0782100000000001,1.0790732
2017.02.05 16:30:00,1.07876,1.07819,1.0790017
2017.02.05 16:45:00,1.07876,1.07779,1.0787861
2017.02.05 17:00:00,1.07876,1.07779,1.0785674
2017.02.05 17:15:00,1.0787,1.0777700000000001,1.0789223
2017.02.05 17:30:00,1.07844,1.0777700000000001,1.0784756
2017.02.05 17:45:00,1.07844,1.0777700000000001,1.078266
2017.02.05 18:00:00,1.07843,1.07762,1.0784703
2017.02.05 18:15:00,1.07884,1.07762,1.07844
2017.02.05 18:30:00,1.07884,1.07762,1.0784259
2017.02.05 18:45:00,1.07884,1.07762,1.0784459
2017.02.05 19:00:00,1.07884,1.07795,1.0784484
2017.02.05 19:15:00,1.07879,1.0779299999999998,1.078883
2017.02.05 19:30:00,1.07845,1.07779,1.0786461
2017.02.05 19:45:00,1.07845,1.07779,1.0783824
2017.02.05 20:00:00,1.07845,1.07762,1.0782962
2017.02.05 20:15:00,1.07845,1.07762,1.0784316
2017.02.05 20:30:00,1.07826,1.07762,1.0782803
2017.02.05 20:45:00,1.07826,1.07762,1.0782282
2017.02.05 21:00:00,1.07826,1.07775,1.0780025
2017.02.05 21:15:00,1.07828,1.0777700000000001,1.0783656
2017.02.05 21:30:00,1.07828,1.07764,1.0781844
2017.02.05 21:45:00,1.07828,1.07749,1.0782523
2017.02.05 22:00:00,1.07828,1.07738,1.0784162
2017.02.05 22:15:00,1.07795,1.07731,1.0781928
2017.02.05 22:30:00,1.07785,1.07731,1.0780461
2017.02.05 22:45:00,1.07779,1.07731,1.0778755
2017.02.05 23:00:00,1.07781,1.07731,1.0777596
2017.02.05 23:15:00,1.07781,1.0774,1.0777075
2017.02.05 23:30:00,1.07781,1.07708,1.0777249
2017.02.05 23:45:00,1.07781,1.07703,1.0779566
2017.02.06 00:00:00,1.0777299999999999,1.07676,1.0777117
2017.02.06 00:15:00,1.07768,1.07568,1.0778933
2017.02.06 00:30:00,1.07765,1.07475,1.077649
2017.02.06 00:45:00,1.07708,1.07475,1.0773462
2017.02.06 01:00:00,1.0768,1.07475,1.0770869
2017.02.06 01:15:00,1.0761,1.07475,1.076241
2017.02.06 01:30:00,1.07578,1.07431,1.0754607
2017.02.06 01:45:00,1.07578,1.07431,1.0754867
2017.02.06 02:00:00,1.0757700000000001,1.07431,1.075587
2017.02.06 02:15:00,1.0757700000000001,1.07431,1.0757037
2017.02.06 02:30:00,1.07556,1.07437,1.0749322
2017.02.06 02:45:00,1.07556,1.07435,1.0751832
2017.02.06 03:00:00,1.07556,1.07423,1.075239
2017.02.06 03:15:00,1.07513,1.0738299999999998,1.074869
2017.02.06 03:30:00,1.07503,1.07338,1.0752625
2017.02.06 03:45:00,1.0747,1.07338,1.0747353
2017.02.06 04:00:00,1.07465,1.07338,1.0748403
2017.02.06 04:15:00,1.07433,1.07338,1.074278
2017.02.06 04:30:00,1.07446,1.0734,1.0737997
2017.02.06 04:45:00,1.07446,1.07333,1.0739202
2017.02.06 05:00:00,1.07446,1.07333,1.0742475
2017.02.06 05:15:00,1.07446,1.07333,1.0743915
2017.02.06 05:30:00,1.07435,1.07333,1.0740985
2017.02.06 05:45:00,1.07435,1.07302,1.0740914
2017.02.06 06:00:00,1.07435,1.07302,1.0738305
2017.02.06 06:15:00,1.07435,1.07093,1.0744176
2017.02.06 06:30:00,1.07385,1.07093,1.0739074
2017.02.06 06:45:00,1.07338,1.07084,1.0734814
2017.02.06 07:00:00,1.07338,1.07084,1.07357
2017.02.06 07:15:00,1.07259,1.0705799999999999,1.0716385
2017.02.06 07:30:00,1.07259,1.0705799999999999,1.072376
2017.02.06 07:45:00,1.0730600000000001,1.0705799999999999,1.0718625
2017.02.06 08:00:00,1.0731899999999999,1.0705799999999999,1.0716732
2017.02.06 08:15:00,1.0731899999999999,1.07118,1.0715048
2017.02.06 08:30:00,1.0731899999999999,1.0713,1.0721518
2017.02.06 08:45:00,1.0736700000000001,1.0713,1.0728106
2017.02.06 09:00:00,1.07397,1.0713,1.0730058
2017.02.06 09:15:00,1.07423,1.07155,1.0719193
2017.02.06 09:30:00,1.07423,1.0726,1.0730293
2017.02.06 09:45:00,1.07423,1.0727799999999998,1.0735246
2017.02.06 10:00:00,1.07423,1.0728799999999998,1.0738466
2017.02.06 10:15:00,1.07389,1.0728799999999998,1.0739683
2017.02.06 10:30:00,1.0736700000000001,1.0728799999999998,1.0736042
2017.02.06 10:45:00,1.07399,1.0728799999999998,1.0736359
2017.02.06 11:00:00,1.07425,1.07291,1.0733261
2017.02.06 11:15:00,1.07425,1.0729799999999998,1.0734527
2017.02.06 11:30:00,1.07425,1.07291,1.0737474
2017.02.06 11:45:00,1.0745200000000001,1.07287,1.0739901
2017.02.06 12:00:00,1.07457,1.07287,1.0738503
2017.02.06 12:15:00,1.07457,1.07287,1.0735924
2017.02.06 12:30:00,1.0749600000000001,1.07287,1.0733782
2017.02.06 12:45:00,1.0753,1.074,1.0743059
2017.02.06 13:00:00,1.0753,1.07408,1.0744531
2017.02.06 13:15:00,1.0753,1.0742200000000002,1.074536
2017.02.06 13:30:00,1.0754,1.07427,1.0750511
2017.02.06 13:45:00,1.07549,1.07427,1.0751965
2017.02.06 14:00:00,1.07549,1.07428,1.0749063
2017.02.06 14:15:00,1.07549,1.07446,1.0747217
2017.02.06 14:30:00,1.07549,1.07495,1.0753707
2017.02.06 14:45:00,1.07548,1.07495,1.0755922
2017.02.06 15:00:00,1.07538,1.07492,1.0752877
2017.02.06 15:15:00,1.07538,1.07433,1.0755148
2017.02.06 15:30:00,1.07536,1.07433,1.0755112
2017.02.06 15:45:00,1.07515,1.07433,1.0753745
2017.02.06 16:00:00,1.07494,1.07433,1.0752118
2017.02.06 16:15:00,1.07489,1.0744799999999999,1.0749291
2017.02.06 16:30:00,1.07489,1.0745200000000001,1.0748563
2017.02.06 16:45:00,1.07489,1.07447,1.0750083
2017.02.06 17:00:00,1.07489,1.07413,1.0749431
2017.02.06 17:15:00,1.07487,1.07369,1.075007
2017.02.06 17:30:00,1.07483,1.07328,1.0750295
2017.02.06 17:45:00,1.07464,1.07287,1.0748546
2017.02.06 18:00:00,1.07441,1.07261,1.0745367
2017.02.06 18:15:00,1.07394,1.07208,1.0740684
2017.02.06 18:30:00,1.07394,1.07208,1.0740523
2017.02.06 18:45:00,1.07326,1.07208,1.0732596
2017.02.06 19:00:00,1.07326,1.07208,1.0732902
2017.02.06 19:15:00,1.0735299999999999,1.07225,1.0728191
2017.02.06 19:30:00,1.0735299999999999,1.07235,1.0729969
2017.02.06 19:45:00,1.0735299999999999,1.07233,1.073261
2017.02.06 20:00:00,1.0735299999999999,1.0722399999999999,1.073219
2017.02.06 20:15:00,1.07289,1.0719299999999998,1.0732384
2017.02.06 20:30:00,1.07264,1.0715299999999999,1.0727755
2017.02.06 20:45:00,1.07259,1.0709799999999998,1.0727296
2017.02.06 21:00:00,1.0723799999999999,1.07044,1.0725565
2017.02.06 21:15:00,1.0722200000000002,1.07044,1.0723553
2017.02.06 21:30:00,1.0722200000000002,1.07044,1.0720906
2017.02.06 21:45:00,1.0712899999999999,1.07044,1.0714223
2017.02.06 22:00:00,1.0712899999999999,1.07054,1.0710831
2017.02.06 22:15:00,1.0712899999999999,1.07069,1.0709996
2017.02.06 22:30:00,1.0712899999999999,1.0707,1.0713135
2017.02.06 22:45:00,1.07135,1.0707,1.0713264
2017.02.06 23:00:00,1.07135,1.0707,1.07121
2017.02.06 23:15:00,1.07135,1.0701100000000001,1.0710946
2017.02.06 23:30:00,1.07135,1.06949,1.0710862
2017.02.06 23:45:00,1.07135,1.06922,1.0714439
2017.02.07 00:00:00,1.07128,1.06912,1.0714687
2017.02.07 00:15:00,1.07037,1.06912,1.0705601
2017.02.07 00:30:00,1.06994,1.06806,1.070156
2017.02.07 00:45:00,1.06994,1.06806,1.0695884
2017.02.07 01:00:00,1.06994,1.06806,1.0696329
2017.02.07 01:15:00,1.06985,1.06664,1.0700511
2017.02.07 01:30:00,1.0692,1.0661399999999999,1.0686631
2017.02.07 01:45:00,1.0692,1.0661399999999999,1.0693276
2017.02.07 02:00:00,1.0683799999999999,1.0661399999999999,1.0684649
2017.02.07 02:15:00,1.06745,1.0661399999999999,1.067262
2017.02.07 02:30:00,1.06745,1.06568,1.0672698
2017.02.07 02:45:00,1.06744,1.0656,1.0671037
2017.02.07 03:00:00,1.06744,1.0656,1.0675977
2017.02.07 03:15:00,1.0664200000000001,1.0656,1.066759
2017.02.07 03:30:00,1.0666200000000001,1.0656,1.0663644
2017.02.07 03:45:00,1.0668799999999998,1.06569,1.066011
2017.02.07 04:00:00,1.06722,1.06575,1.066212
2017.02.07 04:15:00,1.06722,1.0661,1.0663453
2017.02.07 04:30:00,1.06722,1.06615,1.0666915
2017.02.07 04:45:00,1.06722,1.06615,1.0668118
2017.02.07 05:00:00,1.06738,1.06615,1.0670629
2017.02.07 05:15:00,1.06775,1.0664200000000001,1.0670434
2017.02.07 05:30:00,1.0680399999999999,1.0666,1.0668037
2017.02.07 05:45:00,1.0685799999999999,1.0667799999999998,1.0671293
2017.02.07 06:00:00,1.0685799999999999,1.06715,1.0673559
2017.02.07 06:15:00,1.0685799999999999,1.0672700000000002,1.0676817
2017.02.07 06:30:00,1.0685799999999999,1.0664799999999999,1.0680524
2017.02.07 06:45:00,1.06837,1.0664799999999999,1.068462
2017.02.07 07:00:00,1.06785,1.0664799999999999,1.0679303
2017.02.07 07:15:00,1.06785,1.0664799999999999,1.0677402
2017.02.07 07:30:00,1.0679,1.06655,1.0670362
2017.02.07 07:45:00,1.0679299999999998,1.0667799999999998,1.0675372
2017.02.07 08:00:00,1.0679299999999998,1.0667799999999998,1.0677111
2017.02.07 08:15:00,1.0679299999999998,1.06623,1.0675379
2017.02.07 08:30:00,1.06796,1.06623,1.0680152
2017.02.07 08:45:00,1.06846,1.06623,1.067809
2017.02.07 09:00:00,1.06875,1.06623,1.0674518
2017.02.07 09:15:00,1.06894,1.06694,1.0670978
2017.02.07 09:30:00,1.06923,1.0676700000000001,1.068028
2017.02.07 09:45:00,1.0693,1.0679,1.0682634
2017.02.07 10:00:00,1.0693700000000002,1.068,1.0686767
2017.02.07 10:15:00,1.06956,1.06805,1.0685157
2017.02.07 10:30:00,1.07028,1.06843,1.0690867
2017.02.07 10:45:00,1.07033,1.06843,1.0692068
2017.02.07 11:00:00,1.07033,1.06871,1.0691755
2017.02.07 11:15:00,1.07059,1.0690600000000001,1.069639
2017.02.07 11:30:00,1.07059,1.0690600000000001,1.0702167
2017.02.07 11:45:00,1.07059,1.0690600000000001,1.0701145
2017.02.07 12:00:00,1.07059,1.06912,1.0695196
2017.02.07 12:15:00,1.07051,1.06885,1.0706043
2017.02.07 12:30:00,1.0701200000000002,1.06885,1.0698851
2017.02.07 12:45:00,1.06976,1.06885,1.06989
2017.02.07 13:00:00,1.06958,1.06885,1.0697086
2017.02.07 13:15:00,1.06971,1.06889,1.0692767
2017.02.07 13:30:00,1.06971,1.06915,1.0695832
2017.02.07 13:45:00,1.06971,1.06882,1.0696051
2017.02.07 14:00:00,1.06971,1.0687200000000001,1.0697315
2017.02.07 14:15:00,1.0696700000000001,1.06835,1.0695113
2017.02.07 14:30:00,1.06951,1.06835,1.0697448
2017.02.07 14:45:00,1.06902,1.0678299999999998,1.0691463
2017.02.07 15:00:00,1.06885,1.0677299999999998,1.0691456
2017.02.07 15:15:00,1.06871,1.0676299999999999,1.0687288
2017.02.07 15:30:00,1.0684200000000001,1.0676299999999999,1.0687519
2017.02.07 15:45:00,1.06828,1.0676299999999999,1.068221
2017.02.07 16:00:00,1.06828,1.0676299999999999,1.0684562
2017.02.07 16:15:00,1.06826,1.06751,1.0680414
2017.02.07 16:30:00,1.06826,1.06751,1.0682029
2017.02.07 16:45:00,1.06821,1.06751,1.0682865
2017.02.07 17:00:00,1.06821,1.06751,1.0682255
2017.02.07 17:15:00,1.0681100000000001,1.06676,1.0679251
2017.02.07 17:30:00,1.0681100000000001,1.06676,1.0682056
2017.02.07 17:45:00,1.0679299999999998,1.06676,1.0680286
2017.02.07 18:00:00,1.06792,1.06676,1.0680574
2017.02.07 18:15:00,1.06781,1.0668600000000001,1.0672956
2017.02.07 18:30:00,1.0686799999999999,1.0668600000000001,1.0672941
2017.02.07 18:45:00,1.0687799999999998,1.0671,1.0676003
2017.02.07 19:00:00,1.06908,1.0671,1.0679169
2017.02.07 19:15:00,1.06908,1.06741,1.0676264
2017.02.07 19:30:00,1.06908,1.0680399999999999,1.0687133
2017.02.07 19:45:00,1.06908,1.06818,1.068665
2017.02.07 20:00:00,1.0690600000000001,1.06818,1.0687627
2017.02.07 20:15:00,1.0690600000000001,1.06818,1.0686772
2017.02.07 20:30:00,1.0690600000000001,1.06846,1.0689715
2017.02.07 20:45:00,1.06892,1.0682200000000002,1.0689021
2017.02.07 21:00:00,1.06892,1.0682200000000002,1.0688747
2017.02.07 21:15:00,1.06891,1.0682200000000002,1.0688745
2017.02.07 21:30:00,1.06891,1.06805,1.0687795
2017.02.07 21:45:00,1.06891,1.0678,1.0686797
2017.02.07 22:00:00,1.06891,1.06733,1.069046
2017.02.07 22:15:00,1.06866,1.06733,1.0688503
2017.02.07 22:30:00,1.06815,1.06733,1.0684495
2017.02.07 22:45:00,1.0681100000000001,1.06733,1.0682889
2017.02.07 23:00:00,1.0681100000000001,1.06754,1.0679078
2017.02.07 23:15:00,1.0681100000000001,1.06754,1.0680169
2017.02.07 23:30:00,1.0681100000000001,1.06754,1.0679677
2017.02.07 23:45:00,1.06805,1.0671,1.0682347
2017.02.08 00:00:00,1.0680100000000001,1.06659,1.0679265
2017.02.08 00:15:00,1.06799,1.06626,1.0680743
2017.02.08 00:30:00,1.0679,1.06598,1.0680864
2017.02.08 00:45:00,1.06726,1.0655,1.0674796
2017.02.08 01:00:00,1.06715,1.0655,1.0670062
2017.02.08 01:15:00,1.06669,1.06428,1.06681
2017.02.08 01:30:00,1.06636,1.06428,1.0666243
2017.02.08 01:45:00,1.06619,1.06428,1.0661399
2017.02.08 02:00:00,1.0663799999999999,1.06428,1.0660911
2017.02.08 02:15:00,1.0663799999999999,1.0644799999999999,1.0650737
2017.02.08 02:30:00,1.0663799999999999,1.06405,1.0653524
2017.02.08 02:45:00,1.0663799999999999,1.06405,1.0656246
2017.02.08 03:00:00,1.0661200000000002,1.06405,1.0661974
2017.02.08 03:15:00,1.0654299999999999,1.06405,1.0654669
2017.02.08 03:30:00,1.0654299999999999,1.0641,1.0647525
2017.02.08 03:45:00,1.0654299999999999,1.06413,1.064818
2017.02.08 04:00:00,1.0654299999999999,1.0642399999999999,1.0646082
2017.02.08 04:15:00,1.06532,1.0642399999999999,1.0654671
2017.02.08 04:30:00,1.06505,1.0641399999999999,1.065032
2017.02.08 04:45:00,1.06494,1.0641399999999999,1.0647975
2017.02.08 05:00:00,1.06494,1.0641399999999999,1.0649042
2017.02.08 05:15:00,1.06544,1.0641399999999999,1.0648514
2017.02.08 05:30:00,1.06549,1.0642399999999999,1.0646272
2017.02.08 05:45:00,1.0658,1.0644799999999999,1.0649879
2017.02.08 06:00:00,1.06588,1.06459,1.065025
2017.02.08 06:15:00,1.0665799999999999,1.06465,1.0654218
2017.02.08 06:30:00,1.06687,1.06485,1.065464
2017.02.08 06:45:00,1.0676299999999999,1.06485,1.0655559
2017.02.08 07:00:00,1.0676299999999999,1.06539,1.06593
2017.02.08 07:15:00,1.06877,1.06639,1.0665199
2017.02.08 07:30:00,1.06928,1.0664799999999999,1.0668571
2017.02.08 07:45:00,1.06931,1.0664799999999999,1.0671432
2017.02.08 08:00:00,1.0706200000000001,1.06697,1.0671535
2017.02.08 08:15:00,1.0706200000000001,1.0681399999999999,1.0682967
2017.02.08 08:30:00,1.0706200000000001,1.06856,1.069064
2017.02.08 08:45:00,1.0706200000000001,1.0689799999999998,1.0693406
2017.02.08 09:00:00,1.0708,1.06875,1.0701878
2017.02.08 09:15:00,1.07114,1.06875,1.0694647
2017.02.08 09:30:00,1.07114,1.06875,1.0697496
2017.02.08 09:45:00,1.07114,1.06875,1.0696186
2017.02.08 10:00:00,1.07114,1.06982,1.070631
2017.02.08 10:15:00,1.0709,1.06982,1.0706857
2017.02.08 10:30:00,1.0708600000000001,1.06997,1.0703267
2017.02.08 10:45:00,1.07079,1.0699299999999998,1.0705988
2017.02.08 11:00:00,1.07079,1.0694299999999999,1.0707787
2017.02.08 11:15:00,1.07079,1.06869,1.0705942
2017.02.08 11:30:00,1.07045,1.06818,1.0707285
2017.02.08 11:45:00,1.07029,1.06818,1.0702549
2017.02.08 12:00:00,1.06966,1.06786,1.0699818
2017.02.08 12:15:00,1.06923,1.06785,1.06944
2017.02.08 12:30:00,1.06883,1.06785,1.068705
2017.02.08 12:45:00,1.0687,1.06785,1.0686821
2017.02.08 13:00:00,1.0687,1.06785,1.0683538
2017.02.08 13:15:00,1.06889,1.0681200000000002,1.0685761
2017.02.08 13:30:00,1.06889,1.0681200000000002,1.0688282
2017.02.08 13:45:00,1.06889,1.06815,1.0685238
2017.02.08 14:00:00,1.0689600000000001,1.0684,1.0688101
2017.02.08 14:15:00,1.0689600000000001,1.06853,1.0689138
2017.02.08 14:30:00,1.06928,1.06853,1.0689346
2017.02.08 14:45:00,1.06966,1.06866,1.069014
2017.02.08 15:00:00,1.06982,1.06866,1.0690032
2017.02.08 15:15:00,1.06989,1.0687799999999998,1.0691097
2017.02.08 15:30:00,1.06989,1.06918,1.0694212
2017.02.08 15:45:00,1.06989,1.0691899999999999,1.0696332
2017.02.08 16:00:00,1.06989,1.0691899999999999,1.0699608
2017.02.08 16:15:00,1.0698299999999998,1.0691899999999999,1.0697451
2017.02.08 16:30:00,1.0698299999999998,1.0691899999999999,1.0698127
2017.02.08 16:45:00,1.0698299999999998,1.06923,1.0698721
2017.02.08 17:00:00,1.0696700000000001,1.06905,1.0697454
2017.02.08 17:15:00,1.06959,1.06905,1.0697564
2017.02.08 17:30:00,1.06959,1.06905,1.069623
2017.02.08 17:45:00,1.0695299999999999,1.0685,1.069661
2017.02.08 18:00:00,1.0695299999999999,1.0683200000000002,1.0694118
2017.02.08 18:15:00,1.0695299999999999,1.06826,1.0695416
2017.02.08 18:30:00,1.06911,1.06818,1.0694093
2017.02.08 18:45:00,1.06882,1.06816,1.068968
2017.02.08 19:00:00,1.06882,1.06816,1.0689348
2017.02.08 19:15:00,1.06882,1.06785,1.0688759
2017.02.08 19:30:00,1.06867,1.06774,1.0685661
2017.02.08 19:45:00,1.06867,1.06774,1.0686511
2017.02.08 20:00:00,1.06855,1.06774,1.0687292
2017.02.08 20:15:00,1.06891,1.06774,1.0683005
2017.02.08 20:30:00,1.06907,1.06781,1.0681922
2017.02.08 20:45:00,1.06915,1.06819,1.0683964
2017.02.08 21:00:00,1.0694700000000001,1.06839,1.0686922
2017.02.08 21:15:00,1.0694700000000001,1.0686799999999999,1.0690498
2017.02.08 21:30:00,1.0694700000000001,1.0685,1.0692095
2017.02.08 21:45:00,1.0694700000000001,1.06849,1.0692554
2017.02.08 22:00:00,1.06897,1.06849,1.0692748
2017.02.08 22:15:00,1.06892,1.06849,1.0690295
2017.02.08 22:30:00,1.06892,1.0681399999999999,1.0689423
2017.02.08 22:45:00,1.06892,1.06765,1.068894
2017.02.08 23:00:00,1.06892,1.06765,1.0689994
2017.02.08 23:15:00,1.0686799999999999,1.06765,1.0689464
2017.02.08 23:30:00,1.06834,1.06765,1.0685202
2017.02.08 23:45:00,1.06834,1.06751,1.0680661
2017.02.09 00:00:00,1.06834,1.0671700000000002,1.0683246
2017.02.09 00:15:00,1.06826,1.0671700000000002,1.0684254
2017.02.09 00:30:00,1.06825,1.06715,1.068444
2017.02.09 00:45:00,1.06794,1.0669799999999998,1.0679699
2017.02.09 01:00:00,1.0680399999999999,1.0669799999999998,1.0676069
2017.02.09 01:15:00,1.06965,1.0669799999999998,1.0676466
2017.02.09 01:30:00,1.06965,1.0669799999999998,1.0674958
2017.02.09 01:45:00,1.06996,1.06715,1.0674913
2017.02.09 02:00:00,1.0706799999999999,1.06781,1.0680827
2017.02.09 02:15:00,1.0706799999999999,1.0687,1.069187
2017.02.09 02:30:00,1.0706799999999999,1.0689,1.069202
2017.02.09 02:45:00,1.07094,1.06948,1.0697005
2017.02.09 03:00:00,1.07094,1.0695700000000001,1.0702233
2017.02.09 03:15:00,1.07094,1.06964,1.0701485
2017.02.09 03:30:00,1.07094,1.06929,1.0705366
2017.02.09 03:45:00,1.07083,1.0691700000000002,1.0707875
2017.02.09 04:00:00,1.07019,1.06905,1.0704697
2017.02.09 04:15:00,1.06968,1.0684799999999999,1.0699925
2017.02.09 04:30:00,1.0696,1.06759,1.0697569
2017.02.09 04:45:00,1.06936,1.0674299999999999,1.0695504
2017.02.09 05:00:00,1.06934,1.0674299999999999,1.0694361
2017.02.09 05:15:00,1.0686799999999999,1.0674299999999999,1.0689198
2017.02.09 05:30:00,1.0686799999999999,1.0674299999999999,1.0680937
2017.02.09 05:45:00,1.0686799999999999,1.0677,1.068264
2017.02.09 06:00:00,1.0686799999999999,1.0677,1.0682706
2017.02.09 06:15:00,1.06928,1.0677,1.0685745
2017.02.09 06:30:00,1.0695299999999999,1.06771,1.0681416
2017.02.09 06:45:00,1.0695299999999999,1.06731,1.0686074
2017.02.09 07:00:00,1.0695299999999999,1.06731,1.0686122
2017.02.09 07:15:00,1.0695299999999999,1.06731,1.0691849
2017.02.09 07:30:00,1.06902,1.06731,1.0684974
2017.02.09 07:45:00,1.06902,1.06772,1.0681967
2017.02.09 08:00:00,1.0693700000000002,1.06637,1.0683898
2017.02.09 08:15:00,1.0693700000000002,1.06579,1.0682927
2017.02.09 08:30:00,1.0693700000000002,1.06579,1.0690128
2017.02.09 08:45:00,1.0693700000000002,1.06579,1.0689863
2017.02.09 09:00:00,1.068,1.06579,1.0670984
2017.02.09 09:15:00,1.068,1.0659,1.0675594
2017.02.09 09:30:00,1.068,1.0659,1.0668409
2017.02.09 09:45:00,1.068,1.06578,1.0674348
2017.02.09 10:00:00,1.06715,1.0653700000000002,1.0669245
2017.02.09 10:15:00,1.06715,1.0653700000000002,1.0669942
2017.02.09 10:30:00,1.0669,1.0653700000000002,1.0670455
2017.02.09 10:45:00,1.0664,1.0653700000000002,1.0663022
2017.02.09 11:00:00,1.06641,1.06555,1.0660378
2017.02.09 11:15:00,1.06641,1.0650700000000002,1.0663377
2017.02.09 11:30:00,1.06641,1.0650700000000002,1.0661207
2017.02.09 11:45:00,1.06641,1.0650700000000002,1.0665482
2017.02.09 12:00:00,1.0661399999999999,1.0650700000000002,1.0660061
2017.02.09 12:15:00,1.0661200000000002,1.0650899999999999,1.0657328
2017.02.09 12:30:00,1.06631,1.0650899999999999,1.0657231
2017.02.09 12:45:00,1.06631,1.0655700000000001,1.0659586
2017.02.09 13:00:00,1.06631,1.0655700000000001,1.0662147
2017.02.09 13:15:00,1.06631,1.06554,1.0661607
2017.02.09 13:30:00,1.06631,1.06554,1.0664082
2017.02.09 13:45:00,1.06636,1.06554,1.0661467
2017.02.09 14:00:00,1.06645,1.06554,1.0660386
2017.02.09 14:15:00,1.06645,1.0656,1.0660582
2017.02.09 14:30:00,1.06645,1.06566,1.06594
2017.02.09 14:45:00,1.06645,1.06559,1.0664711
2017.02.09 15:00:00,1.06645,1.06545,1.0664933
2017.02.09 15:15:00,1.0662,1.06541,1.0664527
2017.02.09 15:30:00,1.0660100000000001,1.06541,1.0662136
2017.02.09 15:45:00,1.0660100000000001,1.06541,1.0659536
2017.02.09 16:00:00,1.0660100000000001,1.06535,1.0657834
2017.02.09 16:15:00,1.06586,1.06535,1.0660715
2017.02.09 16:30:00,1.06578,1.06535,1.0659416
2017.02.09 16:45:00,1.0658299999999998,1.06535,1.0658028
2017.02.09 17:00:00,1.0658299999999998,1.06535,1.0656948
2017.02.09 17:15:00,1.06625,1.0654299999999999,1.0658782
2017.02.09 17:30:00,1.06625,1.0652700000000002,1.0659072
2017.02.09 17:45:00,1.06625,1.06495,1.0659178
2017.02.09 18:00:00,1.06625,1.06495,1.0659289
2017.02.09 18:15:00,1.06628,1.06495,1.0663428
2017.02.09 18:30:00,1.06669,1.06495,1.0656315
2017.02.09 18:45:00,1.06669,1.06529,1.0657119
2017.02.09 19:00:00,1.06669,1.0655299999999999,1.0657521
2017.02.09 19:15:00,1.06669,1.06575,1.0661728
2017.02.09 19:30:00,1.0663200000000002,1.06575,1.0664696
2017.02.09 19:45:00,1.0663200000000002,1.06574,1.0663118
2017.02.09 20:00:00,1.0663200000000002,1.06568,1.066288
2017.02.09 20:15:00,1.06663,1.06568,1.0663713
2017.02.09 20:30:00,1.06673,1.06568,1.0661149
2017.02.09 20:45:00,1.06674,1.06568,1.0661552
2017.02.09 21:00:00,1.06674,1.06592,1.0661317
2017.02.09 21:15:00,1.06674,1.06589,1.0667098
2017.02.09 21:30:00,1.06674,1.06584,1.0668695
2017.02.09 21:45:00,1.06646,1.06584,1.0666422
2017.02.09 22:00:00,1.06626,1.06584,1.0664908
2017.02.09 22:15:00,1.06626,1.06584,1.0662545
2017.02.09 22:30:00,1.06626,1.06546,1.0662732
2017.02.09 22:45:00,1.06626,1.06529,1.0663754
2017.02.09 23:00:00,1.06619,1.06516,1.0664196
2017.02.09 23:15:00,1.0659399999999999,1.06508,1.0661889
2017.02.09 23:30:00,1.06556,1.06501,1.065839
2017.02.09 23:45:00,1.06558,1.06501,1.0656796
2017.02.10 00:00:00,1.0659399999999999,1.06501,1.0655339
2017.02.10 00:15:00,1.06633,1.06501,1.0654432
2017.02.10 00:30:00,1.06633,1.0651700000000002,1.0654773
2017.02.10 00:45:00,1.06633,1.06511,1.065746
2017.02.10 01:00:00,1.06633,1.0639100000000001,1.0660752
2017.02.10 01:15:00,1.06616,1.0636,1.0663159
2017.02.10 01:30:00,1.06576,1.0636,1.0658947
2017.02.10 01:45:00,1.06569,1.0636,1.0658218
2017.02.10 02:00:00,1.06453,1.0636,1.0644146
2017.02.10 02:15:00,1.06443,1.0636,1.0645617
2017.02.10 02:30:00,1.0645200000000001,1.0636,1.0641515
2017.02.10 02:45:00,1.06454,1.06379,1.0642813
2017.02.10 03:00:00,1.0646,1.0638,1.0642544
2017.02.10 03:15:00,1.06481,1.0639299999999998,1.0643554
2017.02.10 03:30:00,1.06481,1.0639299999999998,1.0644709
2017.02.10 03:45:00,1.06481,1.06376,1.0646511
2017.02.10 04:00:00,1.06481,1.06376,1.0644174
2017.02.10 04:15:00,1.06497,1.06376,1.0649139
2017.02.10 04:30:00,1.06497,1.06376,1.0647322
2017.02.10 04:45:00,1.06497,1.0641,1.0645224
2017.02.10 05:00:00,1.06497,1.06389,1.0646425
2017.02.10 05:15:00,1.06473,1.06303,1.0648671
2017.02.10 05:30:00,1.0647,1.06303,1.06473
2017.02.10 05:45:00,1.0647,1.06303,1.0648017
2017.02.10 06:00:00,1.0642399999999999,1.06264,1.0643089
2017.02.10 06:15:00,1.0637,1.0625,1.0637296
2017.02.10 06:30:00,1.0637,1.0624,1.0636775
2017.02.10 06:45:00,1.0637,1.0619399999999999,1.0636992
2017.02.10 07:00:00,1.0629600000000001,1.06164,1.0630676
2017.02.10 07:15:00,1.0629600000000001,1.06101,1.0631994
2017.02.10 07:30:00,1.06294,1.06075,1.0627867
2017.02.10 07:45:00,1.06254,1.06075,1.0627267
2017.02.10 08:00:00,1.0624200000000001,1.06075,1.0622209
2017.02.10 08:15:00,1.0637299999999998,1.06075,1.0617722
2017.02.10 08:30:00,1.0639100000000001,1.06116,1.0614452
2017.02.10 08:45:00,1.0639100000000001,1.0617,1.0622305
2017.02.10 09:00:00,1.0639100000000001,1.06187,1.0623517
2017.02.10 09:15:00,1.0639100000000001,1.06209,1.0633125
2017.02.10 09:30:00,1.06397,1.06209,1.0637143
2017.02.10 09:45:00,1.06518,1.06209,1.0628744
2017.02.10 10:00:00,1.06518,1.06217,1.0627165
2017.02.10 10:15:00,1.06518,1.06239,1.062664
2017.02.10 10:30:00,1.06518,1.06375,1.063824
2017.02.10 10:45:00,1.06516,1.06387,1.0646106
2017.02.10 11:00:00,1.06516,1.06325,1.0649766
2017.02.10 11:15:00,1.0647,1.0629600000000001,1.06467
2017.02.10 11:30:00,1.0647,1.0629600000000001,1.0646331
2017.02.10 11:45:00,1.0651899999999999,1.0629600000000001,1.0644952
2017.02.10 12:00:00,1.0651899999999999,1.06273,1.063744
2017.02.10 12:15:00,1.0651899999999999,1.06273,1.0637032
2017.02.10 12:30:00,1.0651899999999999,1.06254,1.0646167
2017.02.10 12:45:00,1.06419,1.06254,1.0642936
2017.02.10 13:00:00,1.06335,1.06254,1.0635248
2017.02.10 13:15:00,1.06341,1.06254,1.0633172
2017.02.10 13:30:00,1.0634299999999999,1.0626200000000001,1.0630335
2017.02.10 13:45:00,1.06389,1.0629899999999999,1.0633513
2017.02.10 14:00:00,1.06389,1.0629899999999999,1.0634631
2017.02.10 14:15:00,1.06389,1.06312,1.0635194
2017.02.10 14:30:00,1.06389,1.0632,1.0634764
2017.02.10 14:45:00,1.06389,1.06326,1.0639479
2017.02.10 15:00:00,1.06407,1.06326,1.0639243
2017.02.10 15:15:00,1.06407,1.06255,1.0640049
2017.02.10 15:30:00,1.06407,1.06249,1.0637021
2017.02.10 15:45:00,1.06407,1.06241,1.0636696
2017.02.12 15:00:00,1.06261,1.06241,1.064139
2017.02.12 15:15:00,1.06356,1.06241,1.0625523
2017.02.12 15:30:00,1.06364,1.06241,1.0627658
2017.02.12 15:45:00,1.06364,1.06241,1.0627103
2017.02.12 16:00:00,1.06364,1.0626200000000001,1.0628664
2017.02.12 16:15:00,1.06364,1.06216,1.063501
2017.02.12 16:30:00,1.06322,1.06199,1.0632854
2017.02.12 16:45:00,1.0630700000000002,1.06176,1.0632136
2017.02.12 17:00:00,1.0630700000000002,1.0617299999999998,1.0632365
2017.02.12 17:15:00,1.06243,1.06121,1.0625936
2017.02.12 17:30:00,1.06224,1.0612,1.0624042
2017.02.12 17:45:00,1.06224,1.0612,1.0621669
2017.02.12 18:00:00,1.06229,1.0612,1.0621437
2017.02.12 18:15:00,1.06266,1.0612,1.0618382
2017.02.12 18:30:00,1.06266,1.06125,1.061608
2017.02.12 18:45:00,1.06266,1.06185,1.0620602
2017.02.12 19:00:00,1.06266,1.062,1.0623411
2017.02.12 19:15:00,1.06257,1.0616700000000001,1.0626789
2017.02.12 19:30:00,1.0624799999999999,1.0614700000000001,1.0626069
2017.02.12 19:45:00,1.0624799999999999,1.0614700000000001,1.0625321
2017.02.12 20:00:00,1.0621399999999999,1.0614700000000001,1.0623602
2017.02.12 20:15:00,1.06209,1.06139,1.0620346
2017.02.12 20:30:00,1.06209,1.06139,1.0621386
2017.02.12 20:45:00,1.0621399999999999,1.06139,1.062166
2017.02.12 21:00:00,1.0621399999999999,1.06139,1.061873
2017.02.12 21:15:00,1.0621399999999999,1.06161,1.0620724
2017.02.12 21:30:00,1.0621399999999999,1.06161,1.0619048
2017.02.12 21:45:00,1.06229,1.0617,1.0622009
2017.02.12 22:00:00,1.06229,1.06172,1.0621086
2017.02.12 22:15:00,1.06229,1.0618299999999998,1.062113
2017.02.12 22:30:00,1.06234,1.06196,1.0622476
2017.02.12 22:45:00,1.06234,1.06206,1.0624697
2017.02.12 23:00:00,1.06298,1.06206,1.0624596
2017.02.12 23:15:00,1.06314,1.06209,1.0624161
2017.02.12 23:30:00,1.06335,1.06209,1.0624782
2017.02.12 23:45:00,1.06348,1.06209,1.0624344
2017.02.13 00:00:00,1.06348,1.06263,1.0629771
2017.02.13 00:15:00,1.06348,1.06277,1.0630857
2017.02.13 00:30:00,1.06437,1.06277,1.0633456
2017.02.13 00:45:00,1.06437,1.06277,1.0636104
2017.02.13 01:00:00,1.06437,1.06277,1.0633055
2017.02.13 01:15:00,1.0658,1.0632,1.0635053
2017.02.13 01:30:00,1.0658,1.06371,1.0641377
2017.02.13 01:45:00,1.0658,1.06377,1.0642567
2017.02.13 02:00:00,1.0658,1.06419,1.064435
2017.02.13 02:15:00,1.06568,1.0643,1.0655655
2017.02.13 02:30:00,1.06568,1.0637,1.0653219
2017.02.13 02:45:00,1.0652700000000002,1.0637,1.0654892
2017.02.13 03:00:00,1.06497,1.0637,1.0652157
2017.02.13 03:15:00,1.0645200000000001,1.06339,1.0647339
2017.02.13 03:30:00,1.0645799999999999,1.06339,1.0642377
2017.02.13 03:45:00,1.0645799999999999,1.06339,1.0642023
2017.02.13 04:00:00,1.0645799999999999,1.06339,1.0640618
2017.02.13 04:15:00,1.0645799999999999,1.06339,1.0642273
2017.02.13 04:30:00,1.0644200000000001,1.06339,1.0643858
2017.02.13 04:45:00,1.06466,1.06339,1.0640662
2017.02.13 05:00:00,1.06466,1.06354,1.0640925
2017.02.13 05:15:00,1.06466,1.06354,1.0643055
2017.02.13 05:30:00,1.06466,1.06354,1.0643313
2017.02.13 05:45:00,1.06466,1.06354,1.064359
2017.02.13 06:00:00,1.06466,1.06298,1.0643145
2017.02.13 06:15:00,1.06436,1.06277,1.0646001
2017.02.13 06:30:00,1.06392,1.0623,1.0641094
2017.02.13 06:45:00,1.06375,1.06215,1.0639489
2017.02.13 07:00:00,1.06331,1.06206,1.0634962
2017.02.13 07:15:00,1.06305,1.0615,1.0632067
2017.02.13 07:30:00,1.06285,1.0615,1.062944
2017.02.13 07:45:00,1.06244,1.06093,1.0626923
2017.02.13 08:00:00,1.06244,1.05997,1.0625644
2017.02.13 08:15:00,1.06196,1.05961,1.0619414
2017.02.13 08:30:00,1.06187,1.05961,1.0621178
2017.02.13 08:45:00,1.06116,1.05918,1.0614214
2017.02.13 09:00:00,1.06074,1.05918,1.0605712
2017.02.13 09:15:00,1.06091,1.05918,1.0602683
2017.02.13 09:30:00,1.06091,1.05918,1.06016
2017.02.13 09:45:00,1.06091,1.05979,1.0600729
2017.02.13 10:00:00,1.06091,1.05938,1.0606297
2017.02.13 10:15:00,1.06081,1.05938,1.0609062
2017.02.13 10:30:00,1.06069,1.05938,1.0606139
2017.02.13 10:45:00,1.06069,1.05938,1.060379
2017.02.13 11:00:00,1.06069,1.0595299999999999,1.0603379
2017.02.13 11:15:00,1.06064,1.05951,1.0605109
2017.02.13 11:30:00,1.06064,1.05951,1.0603755
2017.02.13 11:45:00,1.06064,1.05951,1.0602753
2017.02.13 12:00:00,1.0605,1.05951,1.0600274
2017.02.13 12:15:00,1.0605,1.0596,1.0600818
2017.02.13 12:30:00,1.06055,1.05966,1.0601171
2017.02.13 12:45:00,1.06055,1.0599100000000001,1.0603005
2017.02.13 13:00:00,1.06055,1.0596700000000001,1.0605555
2017.02.13 13:15:00,1.06055,1.0596700000000001,1.0603639
2017.02.13 13:30:00,1.0603,1.0596700000000001,1.0604138
2017.02.13 13:45:00,1.0601399999999999,1.0596700000000001,1.0603722
2017.02.13 14:00:00,1.06013,1.0595,1.0601418
2017.02.13 14:15:00,1.06013,1.0595,1.0602018
2017.02.13 14:30:00,1.05997,1.0595,1.0602181
2017.02.13 14:45:00,1.05985,1.0595,1.0600514
2017.02.13 15:00:00,1.05985,1.05954,1.0598838
2017.02.13 15:15:00,1.05985,1.05929,1.060029
2017.02.13 15:30:00,1.05985,1.05929,1.0600684
2017.02.13 15:45:00,1.05978,1.05921,1.0599995
2017.02.13 16:00:00,1.05978,1.05921,1.0599874
2017.02.13 16:15:00,1.05976,1.05921,1.059807
2017.02.13 16:30:00,1.05976,1.05921,1.0597658
2017.02.13 16:45:00,1.05964,1.05922,1.0595993
2017.02.13 17:00:00,1.05988,1.0592700000000002,1.0598372
2017.02.13 17:15:00,1.06047,1.05944,1.059786
2017.02.13 17:30:00,1.06071,1.05946,1.0597667
2017.02.13 17:45:00,1.06087,1.05948,1.0598487
2017.02.13 18:00:00,1.06087,1.05961,1.060039
2017.02.13 18:15:00,1.06087,1.05961,1.0603758
2017.02.13 18:30:00,1.06087,1.05961,1.060793
2017.02.13 18:45:00,1.06057,1.05931,1.0607957
2017.02.13 19:00:00,1.06057,1.05931,1.0602701
2017.02.13 19:15:00,1.06005,1.05916,1.0602515
2017.02.13 19:30:00,1.05987,1.05911,1.0601087
2017.02.13 19:45:00,1.0597299999999998,1.05911,1.05978
2017.02.13 20:00:00,1.05985,1.05911,1.059858
2017.02.13 20:15:00,1.06035,1.05911,1.059496
2017.02.13 20:30:00,1.06035,1.05954,1.0598129
2017.02.13 20:45:00,1.06035,1.0597299999999998,1.0599425
2017.02.13 21:00:00,1.06039,1.0598100000000001,1.0600718
2017.02.13 21:15:00,1.06075,1.06006,1.0604836
2017.02.13 21:30:00,1.0610700000000002,1.06009,1.0603968
2017.02.13 21:45:00,1.0610700000000002,1.06015,1.0605315
2017.02.13 22:00:00,1.0611899999999999,1.06037,1.060583
2017.02.13 22:15:00,1.06123,1.06056,1.0608264
2017.02.13 22:30:00,1.06128,1.06065,1.0610788
2017.02.13 22:45:00,1.06195,1.06079,1.0611666
2017.02.13 23:00:00,1.06225,1.0609600000000001,1.0612714
2017.02.13 23:15:00,1.06225,1.0609600000000001,1.0613891
2017.02.13 23:30:00,1.06225,1.06115,1.0614619
2017.02.13 23:45:00,1.06225,1.06142,1.0620446
2017.02.14 00:00:00,1.06236,1.06142,1.0621865
2017.02.14 00:15:00,1.06236,1.0610700000000002,1.0617915
2017.02.14 00:30:00,1.06236,1.0608600000000001,1.0622303
2017.02.14 00:45:00,1.06236,1.06084,1.0620795
2017.02.14 01:00:00,1.06225,1.06065,1.0624644
2017.02.14 01:15:00,1.0617,1.06065,1.0615301
2017.02.14 01:30:00,1.06289,1.06065,1.0614334
2017.02.14 01:45:00,1.0633,1.06065,1.0616143
2017.02.14 02:00:00,1.0633,1.06065,1.061045
2017.02.14 02:15:00,1.0633,1.06156,1.0617903
2017.02.14 02:30:00,1.0633,1.06176,1.0627776
2017.02.14 02:45:00,1.06324,1.0613700000000001,1.0628754
2017.02.14 03:00:00,1.06318,1.0613700000000001,1.0632753
2017.02.14 03:15:00,1.06255,1.0607799999999998,1.0626725
2017.02.14 03:30:00,1.06239,1.0607799999999998,1.0623205
2017.02.14 03:45:00,1.06239,1.0607799999999998,1.0621219
2017.02.14 04:00:00,1.06207,1.0607799999999998,1.0620526
2017.02.14 04:15:00,1.0621200000000002,1.06085,1.0612745
2017.02.14 04:30:00,1.06253,1.06122,1.0619107
2017.02.14 04:45:00,1.0632700000000002,1.06141,1.0617297
2017.02.14 05:00:00,1.0632700000000002,1.0615,1.0620437
2017.02.14 05:15:00,1.0632700000000002,1.06185,1.0621465
2017.02.14 05:30:00,1.0632700000000002,1.06211,1.0625683
2017.02.14 05:45:00,1.06315,1.0622200000000002,1.0631722
2017.02.14 06:00:00,1.06301,1.0620399999999999,1.0630735
2017.02.14 06:15:00,1.06301,1.06188,1.063041
2017.02.14 06:30:00,1.06276,1.06175,1.062903
2017.02.14 06:45:00,1.06251,1.06126,1.0625824
2017.02.14 07:00:00,1.06251,1.0610700000000002,1.0624771
2017.02.14 07:15:00,1.06251,1.06057,1.0624756
2017.02.14 07:30:00,1.06205,1.06057,1.0622506
2017.02.14 07:45:00,1.06164,1.06018,1.0618159
2017.02.14 08:00:00,1.06146,1.06018,1.0615865
2017.02.14 08:15:00,1.06146,1.05788,1.0612037
2017.02.14 08:30:00,1.06146,1.0578299999999998,1.0613614
2017.02.14 08:45:00,1.06146,1.05664,1.0610611
2017.02.14 09:00:00,1.06132,1.05611,1.0612702
2017.02.14 09:15:00,1.05997,1.05609,1.0598801
2017.02.14 09:30:00,1.05803,1.05609,1.0585464
2017.02.14 09:45:00,1.05808,1.05609,1.0573028
2017.02.14 10:00:00,1.05808,1.05609,1.0568364
2017.02.14 10:15:00,1.05808,1.05643,1.0576891
2017.02.14 10:30:00,1.05808,1.05639,1.0578583
2017.02.14 10:45:00,1.05796,1.05639,1.058089
2017.02.14 11:00:00,1.05768,1.05639,1.0578848
2017.02.14 11:15:00,1.05741,1.05616,1.0569711
2017.02.14 11:30:00,1.05741,1.05616,1.0571479
2017.02.14 11:45:00,1.05741,1.05616,1.0573703
2017.02.14 12:00:00,1.05736,1.05616,1.0568826
2017.02.14 12:15:00,1.05736,1.05651,1.0569534
2017.02.14 12:30:00,1.05758,1.05672,1.0569807
2017.02.14 12:45:00,1.05758,1.05672,1.0574099
2017.02.14 13:00:00,1.05758,1.05672,1.0572952
2017.02.14 13:15:00,1.05758,1.05698,1.0574846
2017.02.14 13:30:00,1.0575700000000001,1.05698,1.0575897
2017.02.14 13:45:00,1.05748,1.05698,1.0575807
2017.02.14 14:00:00,1.05758,1.05698,1.0575851
2017.02.14 14:15:00,1.05788,1.05714,1.0574648
2017.02.14 14:30:00,1.05797,1.05724,1.0576111
2017.02.14 14:45:00,1.05797,1.05724,1.057607
2017.02.14 15:00:00,1.05797,1.05745,1.0577658
2017.02.14 15:15:00,1.05797,1.05734,1.0579566
2017.02.14 15:30:00,1.0579,1.05734,1.0580947
2017.02.14 15:45:00,1.05793,1.05734,1.0579308
2017.02.14 16:00:00,1.05793,1.05734,1.0579922
2017.02.14 16:15:00,1.05793,1.05746,1.057861
2017.02.14 16:30:00,1.05793,1.05746,1.0579439
2017.02.14 16:45:00,1.05792,1.05741,1.058026
2017.02.14 17:00:00,1.0579,1.05741,1.0580056
2017.02.14 17:15:00,1.05782,1.05708,1.0579004
2017.02.14 17:30:00,1.05782,1.05708,1.057964
2017.02.14 17:45:00,1.05782,1.05671,1.0578456
2017.02.14 18:00:00,1.05782,1.0566799999999998,1.0580343
2017.02.14 18:15:00,1.05725,1.0565,1.0575011
2017.02.14 18:30:00,1.05759,1.0565,1.0574806
2017.02.14 18:45:00,1.05767,1.0565,1.057131
2017.02.14 19:00:00,1.05767,1.0565,1.0571539
2017.02.14 19:15:00,1.05767,1.05705,1.0573003
2017.02.14 19:30:00,1.05767,1.05682,1.0577525
2017.02.14 19:45:00,1.05765,1.05682,1.0578039
2017.02.14 20:00:00,1.05762,1.05682,1.0576379
2017.02.14 20:15:00,1.05823,1.05682,1.0574394
2017.02.14 20:30:00,1.05824,1.0569600000000001,1.0573418
2017.02.14 20:45:00,1.05827,1.05724,1.0575409
2017.02.14 21:00:00,1.05837,1.05736,1.0576967
2017.02.14 21:15:00,1.05859,1.0577,1.0583233
2017.02.14 21:30:00,1.05859,1.0577,1.058039
2017.02.14 21:45:00,1.05859,1.0578299999999998,1.0584548
2017.02.14 22:00:00,1.05859,1.05752,1.0585496
2017.02.14 22:15:00,1.05844,1.05752,1.058678
2017.02.14 22:30:00,1.05818,1.05752,1.0583537
2017.02.14 22:45:00,1.0581200000000002,1.05752,1.0581943
2017.02.14 23:00:00,1.05817,1.05759,1.0579278
2017.02.14 23:15:00,1.05817,1.05764,1.0581096
2017.02.14 23:30:00,1.05817,1.05765,1.058077
2017.02.14 23:45:00,1.0582,1.05765,1.05831
2017.02.15 00:00:00,1.0582,1.05765,1.0581867
2017.02.15 00:15:00,1.0582,1.05719,1.058298
2017.02.15 00:30:00,1.0582,1.05704,1.0583742
2017.02.15 00:45:00,1.0582,1.0569,1.0583955
2017.02.15 01:00:00,1.058,1.0569,1.05829
2017.02.15 01:15:00,1.0579100000000001,1.05635,1.0576993
2017.02.15 01:30:00,1.0579100000000001,1.05599,1.057619
2017.02.15 01:45:00,1.0578100000000001,1.05526,1.0579076
2017.02.15 02:00:00,1.05744,1.05526,1.0576694
2017.02.15 02:15:00,1.05692,1.05505,1.0569534
2017.02.15 02:30:00,1.05692,1.05505,1.0567517
2017.02.15 02:45:00,1.0562799999999999,1.0547600000000001,1.0559269
2017.02.15 03:00:00,1.05623,1.0547600000000001,1.0564793
2017.02.15 03:15:00,1.05578,1.0547600000000001,1.0555025
2017.02.15 03:30:00,1.05578,1.0545799999999999,1.0559058
2017.02.15 03:45:00,1.05578,1.05424,1.0555909
2017.02.15 04:00:00,1.05578,1.05424,1.0557891
2017.02.15 04:15:00,1.05531,1.05424,1.0555593
2017.02.15 04:30:00,1.05561,1.05424,1.0550126
2017.02.15 04:45:00,1.05561,1.05446,1.0550238
2017.02.15 05:00:00,1.05609,1.05477,1.0553725
2017.02.15 05:15:00,1.05609,1.05477,1.0552354
2017.02.15 05:30:00,1.05609,1.0549899999999999,1.0555736
2017.02.15 05:45:00,1.05609,1.0549899999999999,1.0555204
2017.02.15 06:00:00,1.05605,1.055,1.0559319
2017.02.15 06:15:00,1.05605,1.05505,1.0556194
2017.02.15 06:30:00,1.05605,1.05505,1.0559227
2017.02.15 06:45:00,1.0560200000000002,1.0521200000000002,1.0562339
2017.02.15 07:00:00,1.0558,1.0521200000000002,1.0556357
2017.02.15 07:15:00,1.0558,1.0521200000000002,1.0557257
2017.02.15 07:30:00,1.05532,1.0521200000000002,1.0556133
2017.02.15 07:45:00,1.05599,1.05261,1.0533376
2017.02.15 08:00:00,1.0564,1.05311,1.0537604
2017.02.15 08:15:00,1.05751,1.05366,1.0543904
2017.02.15 08:30:00,1.0580100000000001,1.05366,1.0544837
2017.02.15 08:45:00,1.0580100000000001,1.0555,1.0558598
2017.02.15 09:00:00,1.0580100000000001,1.05599,1.0561992
2017.02.15 09:15:00,1.05844,1.05647,1.0570786
2017.02.15 09:30:00,1.05916,1.05647,1.0575864
2017.02.15 09:45:00,1.0603,1.05647,1.057264
2017.02.15 10:00:00,1.0609,1.05725,1.0574712
2017.02.15 10:15:00,1.0609,1.05786,1.0584353
2017.02.15 10:30:00,1.0609,1.05863,1.059053
2017.02.15 10:45:00,1.0609,1.05885,1.0602112
2017.02.15 11:00:00,1.0605200000000001,1.05809,1.0599785
2017.02.15 11:15:00,1.0605200000000001,1.05809,1.0596197
2017.02.15 11:30:00,1.0598100000000001,1.05809,1.0601461
2017.02.15 11:45:00,1.05911,1.05809,1.0593015
2017.02.15 12:00:00,1.05911,1.05809,1.0587451
2017.02.15 12:15:00,1.0591700000000002,1.05836,1.0588105
2017.02.15 12:30:00,1.0592,1.05844,1.0591402
2017.02.15 12:45:00,1.0592,1.05818,1.0588759
2017.02.15 13:00:00,1.0592,1.05818,1.0591666
2017.02.15 13:15:00,1.0592,1.05818,1.0593044
2017.02.15 13:30:00,1.0596299999999998,1.05818,1.058877
2017.02.15 13:45:00,1.06028,1.05835,1.0586933
2017.02.15 14:00:00,1.0603799999999999,1.05875,1.0591353
2017.02.15 14:15:00,1.06047,1.05893,1.059221
2017.02.15 14:30:00,1.06066,1.05929,1.0596446
2017.02.15 14:45:00,1.06066,1.06,1.0603235
2017.02.15 15:00:00,1.06066,1.05978,1.0604036
2017.02.15 15:15:00,1.06066,1.0596299999999998,1.060657
2017.02.15 15:30:00,1.0603799999999999,1.0596,1.0605563
2017.02.15 15:45:00,1.0603799999999999,1.05955,1.060459
2017.02.15 16:00:00,1.06021,1.05903,1.0602384
2017.02.15 16:15:00,1.05999,1.05903,1.0602367
2017.02.15 16:30:00,1.06008,1.05903,1.0599445
2017.02.15 16:45:00,1.06024,1.05903,1.0599314
2017.02.15 17:00:00,1.0606799999999998,1.0591899999999999,1.0594964
2017.02.15 17:15:00,1.0606799999999998,1.05969,1.0599792
2017.02.15 17:30:00,1.0619299999999998,1.05972,1.060069
2017.02.15 17:45:00,1.0619299999999998,1.06,1.0603735
2017.02.15 18:00:00,1.06227,1.06007,1.0605843
2017.02.15 18:15:00,1.06233,1.06028,1.0605165
2017.02.15 18:30:00,1.06233,1.06121,1.0616351
2017.02.15 18:45:00,1.06233,1.06105,1.0618026
2017.02.15 19:00:00,1.06233,1.06105,1.0622555
2017.02.15 19:15:00,1.06227,1.06105,1.0620487
2017.02.15 19:30:00,1.06227,1.06105,1.0615952
2017.02.15 19:45:00,1.06227,1.06115,1.0615207
2017.02.15 20:00:00,1.06227,1.06118,1.0622416
2017.02.15 20:15:00,1.0622,1.06118,1.0622782
2017.02.15 20:30:00,1.0621399999999999,1.06118,1.0623462
2017.02.15 20:45:00,1.06184,1.06118,1.0619495
2017.02.15 21:00:00,1.06184,1.06129,1.0616035
2017.02.15 21:15:00,1.06166,1.06126,1.0617237
2017.02.15 21:30:00,1.0616299999999999,1.06125,1.0618534
2017.02.15 21:45:00,1.06165,1.06125,1.0617063
2017.02.15 22:00:00,1.06165,1.06125,1.0616496
2017.02.15 22:15:00,1.06165,1.06125,1.0616043
2017.02.15 22:30:00,1.06185,1.06128,1.0617512
2017.02.15 22:45:00,1.06241,1.06128,1.0618227
2017.02.15 23:00:00,1.06241,1.06128,1.0617394
2017.02.15 23:15:00,1.06241,1.06131,1.0616826
2017.02.15 23:30:00,1.06241,1.06154,1.0620027
2017.02.15 23:45:00,1.0622200000000002,1.06095,1.062312
2017.02.16 00:00:00,1.06209,1.06063,1.0623131
2017.02.16 00:15:00,1.06205,1.06063,1.0621439
2017.02.16 00:30:00,1.0618100000000001,1.06008,1.061904
2017.02.16 00:45:00,1.06122,1.05998,1.0614084
2017.02.16 01:00:00,1.06122,1.05998,1.0610967
2017.02.16 01:15:00,1.0637,1.05998,1.0611361
2017.02.16 01:30:00,1.0637,1.05998,1.0605636
2017.02.16 01:45:00,1.0637,1.0605,1.0608139
2017.02.16 02:00:00,1.0637,1.06104,1.0612819
2017.02.16 02:15:00,1.0641100000000001,1.06239,1.0632819
2017.02.16 02:30:00,1.0641100000000001,1.06239,1.0626853
2017.02.16 02:45:00,1.0641100000000001,1.06291,1.0632999
2017.02.16 03:00:00,1.0641100000000001,1.063,1.0635942
2017.02.16 03:15:00,1.06408,1.06266,1.0638589
2017.02.16 03:30:00,1.064,1.06266,1.0641418
2017.02.16 03:45:00,1.06397,1.0624,1.0637485
2017.02.16 04:00:00,1.06396,1.0624,1.0640959
2017.02.16 04:15:00,1.06349,1.0624,1.0631223
2017.02.16 04:30:00,1.06338,1.0624,1.0635228
2017.02.16 04:45:00,1.06338,1.06254,1.0631101
2017.02.16 05:00:00,1.06385,1.06254,1.0633693
2017.02.16 05:15:00,1.06385,1.06254,1.0632528
2017.02.16 05:30:00,1.06435,1.06267,1.0630028
2017.02.16 05:45:00,1.0644799999999999,1.06308,1.0633605
2017.02.16 06:00:00,1.0644799999999999,1.063,1.0636429
2017.02.16 06:15:00,1.06521,1.063,1.0637258
2017.02.16 06:30:00,1.0655299999999999,1.063,1.0643884
2017.02.16 06:45:00,1.0655299999999999,1.063,1.063597
2017.02.16 07:00:00,1.0655299999999999,1.06341,1.0642056
2017.02.16 07:15:00,1.0655299999999999,1.06328,1.0650554
2017.02.16 07:30:00,1.06521,1.06328,1.0650867
2017.02.16 07:45:00,1.06525,1.06328,1.0643727
2017.02.16 08:00:00,1.06603,1.06328,1.0640427
2017.02.16 08:15:00,1.0667,1.06329,1.0639026
2017.02.16 08:30:00,1.0667,1.06454,1.0650599
2017.02.16 08:45:00,1.0667,1.06461,1.0648597
2017.02.16 09:00:00,1.06752,1.06548,1.0659691
2017.02.16 09:15:00,1.06786,1.06548,1.0664368
2017.02.16 09:30:00,1.06792,1.06548,1.0665036
2017.02.16 09:45:00,1.06792,1.06608,1.066361
2017.02.16 10:00:00,1.06792,1.06584,1.0672516
2017.02.16 10:15:00,1.06792,1.0658299999999998,1.0676433
2017.02.16 10:30:00,1.06712,1.0654,1.0671912
2017.02.16 10:45:00,1.06645,1.0653299999999999,1.0667762
2017.02.16 11:00:00,1.06645,1.06475,1.0662868
2017.02.16 11:15:00,1.066,1.06475,1.0663435
2017.02.16 11:30:00,1.0662200000000002,1.06475,1.0658134
2017.02.16 11:45:00,1.06643,1.06475,1.0657629
2017.02.16 12:00:00,1.06653,1.06497,1.0654919
2017.02.16 12:15:00,1.06654,1.0655299999999999,1.0658028
2017.02.16 12:30:00,1.06697,1.06584,1.0662276
2017.02.16 12:45:00,1.0671899999999999,1.0659,1.0664967
2017.02.16 13:00:00,1.0676299999999999,1.0659,1.0665005
2017.02.16 13:15:00,1.06768,1.06643,1.066632
2017.02.16 13:30:00,1.0677299999999998,1.0667,1.0669185
2017.02.16 13:45:00,1.0677299999999998,1.06694,1.067346
2017.02.16 14:00:00,1.0677299999999998,1.06694,1.0677037
2017.02.16 14:15:00,1.0677299999999998,1.06697,1.0675373
2017.02.16 14:30:00,1.06756,1.06697,1.0675799
2017.02.16 14:45:00,1.06764,1.06705,1.0673534
2017.02.16 15:00:00,1.06764,1.06713,1.0675609
2017.02.16 15:15:00,1.06764,1.06718,1.0674634
2017.02.16 15:30:00,1.06764,1.06691,1.0677153
2017.02.16 15:45:00,1.06755,1.0666799999999999,1.0676678
2017.02.16 16:00:00,1.0674,1.0666799999999999,1.0675641
2017.02.16 16:15:00,1.0673700000000002,1.0666799999999999,1.0674932
2017.02.16 16:30:00,1.06734,1.0666799999999999,1.0674256
2017.02.16 16:45:00,1.06734,1.0667200000000001,1.0672722
2017.02.16 17:00:00,1.06734,1.06679,1.0670564
2017.02.16 17:15:00,1.0674299999999999,1.06645,1.0675013
2017.02.16 17:30:00,1.0674299999999999,1.06631,1.0673305
2017.02.16 17:45:00,1.0674299999999999,1.0661100000000001,1.0673211
2017.02.16 18:00:00,1.0674299999999999,1.0661100000000001,1.067359
2017.02.16 18:15:00,1.06715,1.0661100000000001,1.0670174
2017.02.16 18:30:00,1.06715,1.0661100000000001,1.0667782
2017.02.16 18:45:00,1.06715,1.06621,1.0665476
2017.02.16 19:00:00,1.06742,1.0667,1.0669448
2017.02.16 19:15:00,1.06742,1.0667,1.0671775
2017.02.16 19:30:00,1.06742,1.0667,1.0670816
2017.02.16 19:45:00,1.06745,1.06704,1.0672823
2017.02.16 20:00:00,1.06745,1.06694,1.067385
2017.02.16 20:15:00,1.06762,1.06694,1.0674819
2017.02.16 20:30:00,1.06762,1.06694,1.0675255
2017.02.16 20:45:00,1.06762,1.06694,1.0674202
2017.02.16 21:00:00,1.06762,1.06702,1.067439
2017.02.16 21:15:00,1.06754,1.06722,1.0676526
2017.02.16 21:30:00,1.06749,1.06726,1.067638
2017.02.16 21:45:00,1.06744,1.0672,1.0675926
2017.02.16 22:00:00,1.06744,1.0672,1.0676224
2017.02.16 22:15:00,1.06752,1.0671899999999999,1.0676312
2017.02.16 22:30:00,1.06752,1.0671,1.0676063
2017.02.16 22:45:00,1.06752,1.06703,1.0675563
2017.02.16 23:00:00,1.06752,1.0669,1.0676428
2017.02.16 23:15:00,1.06739,1.06683,1.0674998
2017.02.16 23:30:00,1.06731,1.0665200000000001,1.0674459
2017.02.16 23:45:00,1.06731,1.06651,1.067307
2017.02.17 00:00:00,1.06731,1.06651,1.0673302
2017.02.17 00:15:00,1.06731,1.06651,1.0672483
2017.02.17 00:30:00,1.0673,1.06617,1.0668972
2017.02.17 00:45:00,1.0673,1.0656299999999999,1.066957
2017.02.17 01:00:00,1.0673,1.06544,1.0668645
2017.02.17 01:15:00,1.0670899999999999,1.06482,1.0672464
2017.02.17 01:30:00,1.06667,1.0641,1.0666968
2017.02.17 01:45:00,1.06596,1.06407,1.0661948
2017.02.17 02:00:00,1.06586,1.06407,1.0658538
2017.02.17 02:15:00,1.0657299999999998,1.06372,1.0652671
2017.02.17 02:30:00,1.0651,1.06372,1.0647357
2017.02.17 02:45:00,1.0653,1.06372,1.0649269
2017.02.17 03:00:00,1.06531,1.06372,1.0650254
2017.02.17 03:15:00,1.06531,1.0639299999999998,1.0646925
2017.02.17 03:30:00,1.06531,1.06396,1.064506
2017.02.17 03:45:00,1.06531,1.06397,1.0652001
2017.02.17 04:00:00,1.06522,1.06397,1.0646541
2017.02.17 04:15:00,1.06522,1.06397,1.0645428
2017.02.17 04:30:00,1.06522,1.06419,1.0652409
2017.02.17 04:45:00,1.06522,1.06415,1.0651449
2017.02.17 05:00:00,1.0649899999999999,1.06415,1.064866
2017.02.17 05:15:00,1.06576,1.06415,1.0646663
2017.02.17 05:30:00,1.06576,1.06415,1.0648555
2017.02.17 05:45:00,1.06576,1.0642399999999999,1.0649405
2017.02.17 06:00:00,1.06576,1.06445,1.0648144
2017.02.17 06:15:00,1.0657,1.06443,1.0656317
2017.02.17 06:30:00,1.06551,1.06443,1.0655231
2017.02.17 06:45:00,1.06546,1.06443,1.0653269
2017.02.17 07:00:00,1.06577,1.06443,1.0650011
2017.02.17 07:15:00,1.06633,1.0645799999999999,1.0651504
2017.02.17 07:30:00,1.06643,1.0645799999999999,1.0652645
2017.02.17 07:45:00,1.0666200000000001,1.06476,1.0654117
2017.02.17 08:00:00,1.0666200000000001,1.06443,1.0657089
2017.02.17 08:15:00,1.0666200000000001,1.06325,1.0663935
2017.02.17 08:30:00,1.0666200000000001,1.06254,1.0664344
2017.02.17 08:45:00,1.0650600000000001,1.0624799999999999,1.0653365
2017.02.17 09:00:00,1.06504,1.0624,1.064988
2017.02.17 09:15:00,1.06376,1.06213,1.0639187
2017.02.17 09:30:00,1.06344,1.06213,1.0633312
2017.02.17 09:45:00,1.06344,1.0619100000000001,1.063046
2017.02.17 10:00:00,1.06336,1.0611899999999999,1.0629953
2017.02.17 10:15:00,1.06256,1.0611899999999999,1.0628333
2017.02.17 10:30:00,1.06244,1.0611899999999999,1.0626799
2017.02.17 10:45:00,1.0622,1.0611899999999999,1.0622963
2017.02.17 11:00:00,1.06198,1.06126,1.0617737
2017.02.17 11:15:00,1.06198,1.06126,1.0618186
2017.02.17 11:30:00,1.06198,1.06108,1.0618759
2017.02.17 11:45:00,1.06198,1.06071,1.0619442
2017.02.17 12:00:00,1.06162,1.06071,1.0617353
2017.02.17 12:15:00,1.06154,1.06071,1.0618075
2017.02.17 12:30:00,1.06139,1.06071,1.0614986
2017.02.17 12:45:00,1.0614,1.0607600000000001,1.0612012
2017.02.17 13:00:00,1.0614,1.06054,1.0613494
2017.02.17 13:15:00,1.0614,1.06054,1.0614914
2017.02.17 13:30:00,1.0614,1.06054,1.0614579
2017.02.17 13:45:00,1.06116,1.06054,1.0614032
2017.02.17 14:00:00,1.06116,1.06057,1.0609313
2017.02.17 14:15:00,1.0612700000000002,1.06066,1.0611262
2017.02.17 14:30:00,1.06155,1.06067,1.0611836
2017.02.17 14:45:00,1.06155,1.06067,1.0612957
2017.02.17 15:00:00,1.06155,1.06067,1.0611314
2017.02.17 15:15:00,1.06155,1.06075,1.0614396
2017.02.17 15:30:00,1.06144,1.06073,1.0616431
2017.02.17 15:45:00,1.06142,1.06073,1.0614976
2017.02.19 15:00:00,1.0608799999999998,1.06064,1.061481
2017.02.19 15:15:00,1.06148,1.06064,1.061006
2017.02.19 15:30:00,1.06172,1.06064,1.0610065
2017.02.19 15:45:00,1.06246,1.06064,1.0610421
2017.02.19 16:00:00,1.06246,1.06065,1.0609617
2017.02.19 16:15:00,1.06246,1.06097,1.0615526
2017.02.19 16:30:00,1.06297,1.06148,1.0617305
2017.02.19 16:45:00,1.0632,1.06169,1.0623113
2017.02.19 17:00:00,1.06325,1.0618299999999998,1.062243
2017.02.19 17:15:00,1.06325,1.06179,1.0621319
2017.02.19 17:30:00,1.06325,1.06168,1.0629278
2017.02.19 17:45:00,1.06325,1.06151,1.0633117
2017.02.19 18:00:00,1.06263,1.06151,1.0628108
2017.02.19 18:15:00,1.0621,1.0614299999999999,1.0623041
2017.02.19 18:30:00,1.06203,1.06073,1.0621893
2017.02.19 18:45:00,1.06197,1.06045,1.0619328
2017.02.19 19:00:00,1.06197,1.06031,1.0621297
2017.02.19 19:15:00,1.06169,1.06031,1.0618227
2017.02.19 19:30:00,1.06116,1.06031,1.0611708
2017.02.19 19:45:00,1.06116,1.06031,1.0608773
2017.02.19 20:00:00,1.06116,1.06053,1.0611714
2017.02.19 20:15:00,1.06123,1.06072,1.0611591
2017.02.19 20:30:00,1.06126,1.06072,1.0613463
2017.02.19 20:45:00,1.0614299999999999,1.0607799999999998,1.0611228
2017.02.19 21:00:00,1.0614299999999999,1.06091,1.061281
2017.02.19 21:15:00,1.0614299999999999,1.0610600000000001,1.0614216
2017.02.19 21:30:00,1.0614299999999999,1.0610600000000001,1.061424
2017.02.19 21:45:00,1.06164,1.06114,1.0614972
2017.02.19 22:00:00,1.0618100000000001,1.06115,1.0615393
2017.02.19 22:15:00,1.0619299999999998,1.06116,1.0615355
2017.02.19 22:30:00,1.0619299999999998,1.06136,1.0615889
2017.02.19 22:45:00,1.0619299999999998,1.0613299999999999,1.0617203
2017.02.19 23:00:00,1.0619299999999998,1.0613,1.0620148
2017.02.19 23:15:00,1.0619100000000001,1.0608899999999999,1.0620617
2017.02.19 23:30:00,1.06164,1.0604799999999999,1.0619067
2017.02.19 23:45:00,1.06146,1.06047,1.0617126
2017.02.20 00:00:00,1.0614700000000001,1.06047,1.061648
2017.02.20 00:15:00,1.06228,1.06047,1.0614077
2017.02.20 00:30:00,1.06251,1.06047,1.0609213
2017.02.20 00:45:00,1.0626799999999998,1.0607,1.0610816
2017.02.20 01:00:00,1.0626799999999998,1.0612,1.0615708
2017.02.20 01:15:00,1.0626799999999998,1.0612700000000002,1.0622427
2017.02.20 01:30:00,1.0626799999999998,1.0612700000000002,1.0626143
2017.02.20 01:45:00,1.06246,1.0612700000000002,1.0625302
2017.02.20 02:00:00,1.06246,1.0612700000000002,1.0619817
2017.02.20 02:15:00,1.06284,1.06155,1.0620216
2017.02.20 02:30:00,1.0629600000000001,1.0615700000000001,1.0624852
2017.02.20 02:45:00,1.0629600000000001,1.06159,1.0619599
2017.02.20 03:00:00,1.0629600000000001,1.06196,1.0624565
2017.02.20 03:15:00,1.0629600000000001,1.06134,1.062737
2017.02.20 03:30:00,1.0625799999999999,1.06134,1.0628215
2017.02.20 03:45:00,1.0625799999999999,1.06134,1.0625696
2017.02.20 04:00:00,1.06244,1.06134,1.0624707
2017.02.20 04:15:00,1.06244,1.0614700000000001,1.0619465
2017.02.20 04:30:00,1.06244,1.06165,1.0622369
2017.02.20 04:45:00,1.06245,1.0617299999999998,1.0623301
2017.02.20 05:00:00,1.06245,1.0617299999999998,1.0622938
2017.02.20 05:15:00,1.06285,1.06178,1.0623767
2017.02.20 05:30:00,1.06285,1.06156,1.0623815
2017.02.20 05:45:00,1.06285,1.0610700000000002,1.0622166
2017.02.20 06:00:00,1.06285,1.06073,1.0625881
2017.02.20 06:15:00,1.0626200000000001,1.06073,1.0627339
2017.02.20 06:30:00,1.0621200000000002,1.06073,1.0619977
2017.02.20 06:45:00,1.0618100000000001,1.06073,1.0618738
2017.02.20 07:00:00,1.06218,1.0608600000000001,1.0612527
2017.02.20 07:15:00,1.06235,1.061,1.0617218
2017.02.20 07:30:00,1.06235,1.061,1.0618684
2017.02.20 07:45:00,1.06235,1.06132,1.0617155
2017.02.20 08:00:00,1.0624200000000001,1.06132,1.0621834
2017.02.20 08:15:00,1.06264,1.06132,1.0620849
2017.02.20 08:30:00,1.06269,1.0614700000000001,1.0618148
2017.02.20 08:45:00,1.06269,1.06172,1.0622102
2017.02.20 09:00:00,1.06269,1.06172,1.0624199
2017.02.20 09:15:00,1.06269,1.06197,1.062638
2017.02.20 09:30:00,1.06246,1.06197,1.0625094
2017.02.20 09:45:00,1.06245,1.0618100000000001,1.0625832
2017.02.20 10:00:00,1.06245,1.0618100000000001,1.0623392
2017.02.20 10:15:00,1.06245,1.06174,1.0623642
2017.02.20 10:30:00,1.06229,1.06174,1.0623925
2017.02.20 10:45:00,1.06228,1.06142,1.0623244
2017.02.20 11:00:00,1.0620399999999999,1.06072,1.0622568
2017.02.20 11:15:00,1.06195,1.06072,1.0621736
2017.02.20 11:30:00,1.0619100000000001,1.06072,1.0620805
2017.02.20 11:45:00,1.0614700000000001,1.06072,1.0617659
2017.02.20 12:00:00,1.06123,1.0608,1.0612521
2017.02.20 12:15:00,1.0612700000000002,1.0608,1.0613668
2017.02.20 12:30:00,1.06171,1.0608,1.0611587
2017.02.20 12:45:00,1.06171,1.06093,1.0612007
2017.02.20 13:00:00,1.06171,1.06105,1.0613581
2017.02.20 13:15:00,1.06171,1.0611,1.061468
2017.02.20 13:30:00,1.0617,1.06114,1.0615746
2017.02.20 13:45:00,1.0616,1.06114,1.0616904
2017.02.20 14:00:00,1.0616,1.06114,1.061651
2017.02.20 14:15:00,1.0616,1.0611700000000002,1.0616001
2017.02.20 14:30:00,1.0616,1.06123,1.0615854
2017.02.20 14:45:00,1.0616,1.0610700000000002,1.0616398
2017.02.20 15:00:00,1.06154,1.0609899999999999,1.0616845
2017.02.20 15:15:00,1.06145,1.0609899999999999,1.0616916
2017.02.20 15:30:00,1.0615,1.0609899999999999,1.0615662
2017.02.20 15:45:00,1.0615,1.0609899999999999,1.0614338
2017.02.20 16:00:00,1.0615,1.0609899999999999,1.0614084
2017.02.20 16:15:00,1.0615,1.0609899999999999,1.0614272
2017.02.20 16:30:00,1.06144,1.0609899999999999,1.0613828
2017.02.20 16:45:00,1.06144,1.0609899999999999,1.0615298
2017.02.20 17:00:00,1.06144,1.06083,1.0615584
2017.02.20 17:15:00,1.06135,1.06083,1.0614421
2017.02.20 17:30:00,1.06123,1.0604799999999999,1.0614727
2017.02.20 17:45:00,1.06123,1.05913,1.0612859
2017.02.20 18:00:00,1.06123,1.05859,1.0611589
2017.02.20 18:15:00,1.06122,1.05825,1.0613419
2017.02.20 18:30:00,1.06092,1.05809,1.0609071
2017.02.20 18:45:00,1.0593,1.05809,1.0598111
2017.02.20 19:00:00,1.0590600000000001,1.05809,1.0593091
2017.02.20 19:15:00,1.0588,1.05809,1.0586804
2017.02.20 19:30:00,1.0588,1.05809,1.0587217
2017.02.20 19:45:00,1.0588,1.05787,1.0585904
2017.02.20 20:00:00,1.0588,1.05787,1.058749
2017.02.20 20:15:00,1.0585,1.05787,1.058749
2017.02.20 20:30:00,1.05837,1.05785,1.0586084
2017.02.20 20:45:00,1.05837,1.05782,1.0583538
2017.02.20 21:00:00,1.05831,1.05782,1.0585057
2017.02.20 21:15:00,1.05821,1.05769,1.0583013
2017.02.20 21:30:00,1.05821,1.05769,1.0584118
2017.02.20 21:45:00,1.05819,1.05769,1.0582182
2017.02.20 22:00:00,1.05826,1.05769,1.0582986
2017.02.20 22:15:00,1.05826,1.05782,1.0581543
2017.02.20 22:30:00,1.0583,1.05793,1.0583327
2017.02.20 22:45:00,1.0584799999999999,1.0580200000000002,1.058383
2017.02.20 23:00:00,1.05867,1.05805,1.0583855
2017.02.20 23:15:00,1.05875,1.05805,1.0584255
2017.02.20 23:30:00,1.05875,1.05818,1.0585053
2017.02.20 23:45:00,1.0588799999999998,1.05837,1.0586823
2017.02.21 00:00:00,1.0588799999999998,1.0583799999999999,1.0587531
2017.02.21 00:15:00,1.0588799999999998,1.05835,1.0588756
2017.02.21 00:30:00,1.0588799999999998,1.05742,1.058773
2017.02.21 00:45:00,1.0588600000000001,1.05742,1.0589917
2017.02.21 01:00:00,1.0588600000000001,1.05742,1.0590298
2017.02.21 01:15:00,1.05861,1.05695,1.058803
2017.02.21 01:30:00,1.0579399999999999,1.0565200000000001,1.0579408
2017.02.21 01:45:00,1.0579399999999999,1.05596,1.0580306
2017.02.21 02:00:00,1.05776,1.05576,1.0580015
2017.02.21 02:15:00,1.05741,1.05503,1.0575292
2017.02.21 02:30:00,1.05681,1.05425,1.0570358
2017.02.21 02:45:00,1.05675,1.05425,1.0564913
2017.02.21 03:00:00,1.05675,1.05418,1.0566638
2017.02.21 03:15:00,1.0553,1.05397,1.0555784
2017.02.21 03:30:00,1.0553,1.05332,1.0550292
2017.02.21 03:45:00,1.05522,1.05332,1.0553846
2017.02.21 04:00:00,1.05451,1.05332,1.0546099
2017.02.21 04:15:00,1.05417,1.05332,1.0544893
2017.02.21 04:30:00,1.05417,1.05322,1.0538722
2017.02.21 04:45:00,1.05417,1.05322,1.0539838
2017.02.21 05:00:00,1.05456,1.05322,1.0541314
2017.02.21 05:15:00,1.05456,1.05315,1.0539035
2017.02.21 05:30:00,1.05456,1.05313,1.0541598
2017.02.21 05:45:00,1.05456,1.05313,1.0542282
2017.02.21 06:00:00,1.05433,1.05313,1.0545675
2017.02.21 06:15:00,1.0541,1.0529600000000001,1.0538446
2017.02.21 06:30:00,1.0541,1.0529600000000001,1.0537406
2017.02.21 06:45:00,1.05405,1.0529600000000001,1.0539852
2017.02.21 07:00:00,1.05405,1.0529600000000001,1.0535997
2017.02.21 07:15:00,1.05406,1.05322,1.0539404
2017.02.21 07:30:00,1.05406,1.05322,1.0538315
2017.02.21 07:45:00,1.05406,1.0525799999999998,1.0539913
2017.02.21 08:00:00,1.0549600000000001,1.0525799999999998,1.0539327
2017.02.21 08:15:00,1.0549600000000001,1.0525799999999998,1.0542486
2017.02.21 08:30:00,1.0549600000000001,1.0525799999999998,1.0538955
2017.02.21 08:45:00,1.0549600000000001,1.05271,1.053141
2017.02.21 09:00:00,1.0545799999999999,1.05321,1.0544156
2017.02.21 09:15:00,1.05429,1.0527600000000001,1.0537701
2017.02.21 09:30:00,1.05429,1.0527600000000001,1.0538714
2017.02.21 09:45:00,1.0551700000000002,1.0527600000000001,1.0542264
2017.02.21 10:00:00,1.0551700000000002,1.0527600000000001,1.0539575
2017.02.21 10:15:00,1.0551700000000002,1.05288,1.0535709
2017.02.21 10:30:00,1.0551700000000002,1.05411,1.0542625
2017.02.21 10:45:00,1.05512,1.0545799999999999,1.0550495
2017.02.21 11:00:00,1.05511,1.0542799999999999,1.0552096
2017.02.21 11:15:00,1.05511,1.05415,1.0552179
2017.02.21 11:30:00,1.05498,1.05415,1.0551721
2017.02.21 11:45:00,1.0549,1.05415,1.0550597
2017.02.21 12:00:00,1.0549,1.05387,1.0547091
2017.02.21 12:15:00,1.0549,1.05387,1.0548187
2017.02.21 12:30:00,1.05471,1.05387,1.0548922
2017.02.21 12:45:00,1.05484,1.05387,1.0546182
2017.02.21 13:00:00,1.05514,1.05406,1.054464
2017.02.21 13:15:00,1.05514,1.0544200000000001,1.054708
2017.02.21 13:30:00,1.05514,1.0544200000000001,1.0547862
2017.02.21 13:45:00,1.05514,1.05444,1.0550497
2017.02.21 14:00:00,1.05495,1.05444,1.0551026
2017.02.21 14:15:00,1.0548799999999998,1.0540200000000002,1.0550663
2017.02.21 14:30:00,1.05481,1.0540200000000002,1.0550283
2017.02.21 14:45:00,1.0547799999999998,1.0534,1.0549971
2017.02.21 15:00:00,1.05451,1.0534,1.054828
2017.02.21 15:15:00,1.05431,1.0534,1.0544941
2017.02.21 15:30:00,1.05427,1.0534,1.0544107
2017.02.21 15:45:00,1.05427,1.0533700000000001,1.0539197
2017.02.21 16:00:00,1.05427,1.0533299999999999,1.0538839
2017.02.21 16:15:00,1.05427,1.0533299999999999,1.0539914
2017.02.21 16:30:00,1.05399,1.0533299999999999,1.054021
2017.02.21 16:45:00,1.0543200000000001,1.0533299999999999,1.0538114
2017.02.21 17:00:00,1.05434,1.0534700000000001,1.0538652
2017.02.21 17:15:00,1.05469,1.05364,1.0542104
2017.02.21 17:30:00,1.05493,1.05395,1.0541799
2017.02.21 17:45:00,1.05493,1.0540399999999999,1.05445
2017.02.21 18:00:00,1.05493,1.05408,1.0544344
2017.02.21 18:15:00,1.05494,1.0541,1.0548862
2017.02.21 18:30:00,1.05494,1.0541,1.0549484
2017.02.21 18:45:00,1.0553299999999999,1.0541,1.0545999
2017.02.21 19:00:00,1.05561,1.05434,1.0546479
2017.02.21 19:15:00,1.05561,1.05456,1.0550005
2017.02.21 19:30:00,1.05561,1.0546200000000001,1.0549642
2017.02.21 19:45:00,1.05561,1.0546200000000001,1.0553591
2017.02.21 20:00:00,1.05531,1.0546200000000001,1.0553713
2017.02.21 20:15:00,1.05531,1.05464,1.0551579
2017.02.21 20:30:00,1.05531,1.05463,1.0554681
2017.02.21 20:45:00,1.05522,1.0544799999999999,1.0551956
2017.02.21 21:00:00,1.05522,1.05441,1.0554572
2017.02.21 21:15:00,1.05493,1.05439,1.0550753
2017.02.21 21:30:00,1.05477,1.05436,1.055016
2017.02.21 21:45:00,1.05472,1.05436,1.0549175
2017.02.21 22:00:00,1.05472,1.05435,1.0548891
2017.02.21 22:15:00,1.05472,1.0543200000000001,1.0547756
2017.02.21 22:30:00,1.05472,1.0543,1.0549277
2017.02.21 22:45:00,1.05471,1.0542799999999999,1.0548253
2017.02.21 23:00:00,1.05454,1.0542799999999999,1.0548155
2017.02.21 23:15:00,1.05454,1.05377,1.0547036
2017.02.21 23:30:00,1.05454,1.05345,1.0547566
2017.02.21 23:45:00,1.05454,1.05224,1.0546292
2017.02.22 00:00:00,1.05447,1.05197,1.054752
2017.02.22 00:15:00,1.05393,1.05197,1.0542601
2017.02.22 00:30:00,1.05359,1.05159,1.0538671
2017.02.22 00:45:00,1.05284,1.05092,1.0528733
2017.02.22 01:00:00,1.05284,1.0505,1.0529395
2017.02.22 01:15:00,1.05269,1.0502,1.0525934
2017.02.22 01:30:00,1.0517299999999998,1.04979,1.0521245
2017.02.22 01:45:00,1.05136,1.04979,1.0514599
2017.02.22 02:00:00,1.0511700000000002,1.04979,1.0512145
2017.02.22 02:15:00,1.05162,1.04979,1.05127
2017.02.22 02:30:00,1.0519399999999999,1.05009,1.0505137
2017.02.22 02:45:00,1.0519399999999999,1.05014,1.0511563
2017.02.22 03:00:00,1.0519399999999999,1.05014,1.0506165
2017.02.22 03:15:00,1.0519399999999999,1.0502200000000002,1.0515893
2017.02.22 03:30:00,1.0519,1.05013,1.0520759
2017.02.22 03:45:00,1.05166,1.04941,1.0508729
2017.02.22 04:00:00,1.05103,1.04941,1.0514061
2017.02.22 04:15:00,1.0509,1.04941,1.0509279
2017.02.22 04:30:00,1.0507600000000001,1.04941,1.050705
2017.02.22 04:45:00,1.0507600000000001,1.04966,1.0505441
2017.02.22 05:00:00,1.0507600000000001,1.04934,1.0507095
2017.02.22 05:15:00,1.05074,1.04934,1.050886
2017.02.22 05:30:00,1.0509,1.04934,1.0508068
2017.02.22 05:45:00,1.05125,1.04934,1.0502585
2017.02.22 06:00:00,1.05138,1.04956,1.0501704
2017.02.22 06:15:00,1.05139,1.0500399999999999,1.0503153
2017.02.22 06:30:00,1.05141,1.05075,1.0510136
2017.02.22 06:45:00,1.05141,1.05073,1.0513226
2017.02.22 07:00:00,1.05167,1.05073,1.051621
2017.02.22 07:15:00,1.0519399999999999,1.05073,1.0515234
2017.02.22 07:30:00,1.0519399999999999,1.05073,1.0511953
2017.02.22 07:45:00,1.05208,1.05126,1.0516366
2017.02.22 08:00:00,1.05208,1.05062,1.051716
2017.02.22 08:15:00,1.05208,1.05059,1.0518955
2017.02.22 08:30:00,1.05208,1.0499100000000001,1.051829
2017.02.22 08:45:00,1.05399,1.04961,1.0519778
2017.02.22 09:00:00,1.0548899999999999,1.04961,1.0512137
2017.02.22 09:15:00,1.0548899999999999,1.04961,1.0516376
2017.02.22 09:30:00,1.0548899999999999,1.04961,1.0506349
2017.02.22 09:45:00,1.0548899999999999,1.0523200000000001,1.0529151
2017.02.22 10:00:00,1.05593,1.05324,1.0545459
2017.02.22 10:15:00,1.0565200000000001,1.05324,1.0537319
2017.02.22 10:30:00,1.0565200000000001,1.0537,1.0543933
2017.02.22 10:45:00,1.0565200000000001,1.05398,1.0544102
2017.02.22 11:00:00,1.0565200000000001,1.05431,1.0555574
2017.02.22 11:15:00,1.0562200000000002,1.0538299999999998,1.0562073
2017.02.22 11:30:00,1.05564,1.05359,1.0559092
2017.02.22 11:45:00,1.0552700000000002,1.0534,1.0553538
2017.02.22 12:00:00,1.05483,1.05338,1.0550045
2017.02.22 12:15:00,1.05719,1.05322,1.0544362
2017.02.22 12:30:00,1.05719,1.05322,1.0541307
2017.02.22 12:45:00,1.05719,1.05322,1.0538101
2017.02.22 13:00:00,1.05719,1.05322,1.0541229
2017.02.22 13:15:00,1.05723,1.05546,1.0562749
2017.02.22 13:30:00,1.05723,1.05574,1.0562708
2017.02.22 13:45:00,1.05734,1.0562799999999999,1.0566498
2017.02.22 14:00:00,1.05735,1.05661,1.0571955
2017.02.22 14:15:00,1.05735,1.05656,1.0572503
2017.02.22 14:30:00,1.05735,1.05629,1.0572834
2017.02.22 14:45:00,1.05735,1.0559,1.0574785
2017.02.22 15:00:00,1.05698,1.0556299999999998,1.0569832
2017.02.22 15:15:00,1.05698,1.055,1.0571609
2017.02.22 15:30:00,1.0564,1.055,1.0566669
2017.02.22 15:45:00,1.05615,1.055,1.0563215
2017.02.22 16:00:00,1.05615,1.055,1.05613
2017.02.22 16:15:00,1.05615,1.05518,1.0558884
2017.02.22 16:30:00,1.05608,1.05518,1.0561893
2017.02.22 16:45:00,1.05571,1.05518,1.0557538
2017.02.22 17:00:00,1.05571,1.05451,1.0558654
2017.02.22 17:15:00,1.05571,1.05451,1.0557901
2017.02.22 17:30:00,1.05569,1.05451,1.0558114
2017.02.22 17:45:00,1.05528,1.0544,1.0556296
2017.02.22 18:00:00,1.0552700000000002,1.0544,1.0552828
2017.02.22 18:15:00,1.05556,1.0544,1.0550792
2017.02.22 18:30:00,1.05556,1.0544,1.0551208
2017.02.22 18:45:00,1.05556,1.05474,1.0552118
2017.02.22 19:00:00,1.05556,1.05494,1.0553677
2017.02.22 19:15:00,1.05556,1.05474,1.0557203
2017.02.22 19:30:00,1.0554700000000001,1.05474,1.0553678
2017.02.22 19:45:00,1.05542,1.05474,1.0555878
2017.02.22 20:00:00,1.0554299999999999,1.05474,1.0554812
2017.02.22 20:15:00,1.05567,1.05506,1.0553064
2017.02.22 20:30:00,1.05588,1.05513,1.055559
2017.02.22 20:45:00,1.05624,1.05516,1.0555298
2017.02.22 21:00:00,1.05666,1.05521,1.0556259
2017.02.22 21:15:00,1.0566799999999998,1.0556,1.0558479
2017.02.22 21:30:00,1.0566799999999998,1.0556,1.0559725
2017.02.22 21:45:00,1.0566799999999998,1.0560200000000002,1.0564281
2017.02.22 22:00:00,1.0566799999999998,1.05598,1.056813
2017.02.22 22:15:00,1.05651,1.05598,1.0566813
2017.02.22 22:30:00,1.05693,1.05598,1.0565782
2017.02.22 22:45:00,1.05719,1.05598,1.0563698
2017.02.22 23:00:00,1.05719,1.05617,1.0564774
2017.02.22 23:15:00,1.05719,1.05585,1.0565466
2017.02.22 23:30:00,1.05719,1.05545,1.0570968
2017.02.22 23:45:00,1.0569899999999999,1.05526,1.057195
2017.02.23 00:00:00,1.05671,1.05526,1.0568756
2017.02.23 00:15:00,1.05587,1.0545799999999999,1.0563114
2017.02.23 00:30:00,1.0558100000000001,1.05379,1.0559615
2017.02.23 00:45:00,1.0558100000000001,1.05379,1.0556831
2017.02.23 01:00:00,1.0560200000000002,1.05379,1.0559962
2017.02.23 01:15:00,1.0563200000000001,1.05379,1.0553297
2017.02.23 01:30:00,1.0564200000000001,1.05406,1.0545373
2017.02.23 01:45:00,1.0564200000000001,1.05502,1.0557203
2017.02.23 02:00:00,1.0564200000000001,1.05497,1.055623
2017.02.23 02:15:00,1.0564200000000001,1.05497,1.0563496
2017.02.23 02:30:00,1.05627,1.05437,1.0563105
2017.02.23 02:45:00,1.0559,1.05411,1.0560235
2017.02.23 03:00:00,1.0559,1.05393,1.0556159
2017.02.23 03:15:00,1.05575,1.05374,1.0559429
2017.02.23 03:30:00,1.0554,1.05374,1.0549088
2017.02.23 03:45:00,1.05505,1.05374,1.0547554
2017.02.23 04:00:00,1.05505,1.05374,1.0548897
2017.02.23 04:15:00,1.05515,1.05396,1.0545822
2017.02.23 04:30:00,1.05515,1.05399,1.0548412
2017.02.23 04:45:00,1.05528,1.05399,1.055003
2017.02.23 05:00:00,1.0555700000000001,1.05399,1.054879
2017.02.23 05:15:00,1.05627,1.05408,1.0546001
2017.02.23 05:30:00,1.05685,1.05475,1.0551467
2017.02.23 05:45:00,1.0569,1.05475,1.0553805
2017.02.23 06:00:00,1.05695,1.05475,1.0555571
2017.02.23 06:15:00,1.05731,1.05555,1.0561155
2017.02.23 06:30:00,1.05761,1.05576,1.0565641
2017.02.23 06:45:00,1.05849,1.05576,1.0564549
2017.02.23 07:00:00,1.05849,1.05623,1.0569769
2017.02.23 07:15:00,1.05849,1.05634,1.0572684
2017.02.23 07:30:00,1.05849,1.05685,1.0572324
2017.02.23 07:45:00,1.0584,1.05711,1.0583194
2017.02.23 08:00:00,1.05877,1.05711,1.0581176
2017.02.23 08:15:00,1.05877,1.05711,1.0580385
2017.02.23 08:30:00,1.05877,1.05711,1.0575082
2017.02.23 08:45:00,1.05877,1.0575700000000001,1.0582747
2017.02.23 09:00:00,1.05948,1.0575700000000001,1.0584221
2017.02.23 09:15:00,1.05948,1.0575700000000001,1.058439
2017.02.23 09:30:00,1.05948,1.05751,1.058106
2017.02.23 09:45:00,1.05948,1.0575,1.058519
2017.02.23 10:00:00,1.05939,1.0575,1.0594455
2017.02.23 10:15:00,1.0588600000000001,1.0575,1.058982
2017.02.23 10:30:00,1.0588600000000001,1.0575,1.0581602
2017.02.23 10:45:00,1.0588600000000001,1.05751,1.0584625
2017.02.23 11:00:00,1.0588600000000001,1.05637,1.0586507
2017.02.23 11:15:00,1.05875,1.05637,1.0589583
2017.02.23 11:30:00,1.0581200000000002,1.05637,1.0582186
2017.02.23 11:45:00,1.05764,1.05637,1.0580363
2017.02.23 12:00:00,1.05734,1.05641,1.0569403
2017.02.23 12:15:00,1.05734,1.05641,1.0574182
2017.02.23 12:30:00,1.0574,1.05641,1.0574319
2017.02.23 12:45:00,1.0576,1.05641,1.0573279
2017.02.23 13:00:00,1.0576,1.05667,1.0571892
2017.02.23 13:15:00,1.05817,1.05705,1.0572655
2017.02.23 13:30:00,1.05817,1.05713,1.0574901
2017.02.23 13:45:00,1.05817,1.05713,1.057691
2017.02.23 14:00:00,1.05821,1.05723,1.0575448
2017.02.23 14:15:00,1.05854,1.05772,1.0581741
2017.02.23 14:30:00,1.05854,1.05772,1.058229
2017.02.23 14:45:00,1.05854,1.05777,1.0580806
2017.02.23 15:00:00,1.05854,1.0577,1.0584047
2017.02.23 15:15:00,1.05841,1.05769,1.0585905
2017.02.23 15:30:00,1.05817,1.05769,1.0582823
2017.02.23 15:45:00,1.05818,1.05769,1.0582159
2017.02.23 16:00:00,1.05818,1.05769,1.0583222
2017.02.23 16:15:00,1.05831,1.0577299999999998,1.0582807
2017.02.23 16:30:00,1.05859,1.0577299999999998,1.0582705
2017.02.23 16:45:00,1.05859,1.0577299999999998,1.0583599
2017.02.23 17:00:00,1.05859,1.05777,1.0581065
2017.02.23 17:15:00,1.05859,1.0581,1.0584975
2017.02.23 17:30:00,1.05851,1.05808,1.0586902
2017.02.23 17:45:00,1.05846,1.05746,1.0586579
2017.02.23 18:00:00,1.05846,1.05736,1.0586613
2017.02.23 18:15:00,1.0584,1.0571700000000002,1.0585891
2017.02.23 18:30:00,1.0584,1.0571700000000002,1.0585308
2017.02.23 18:45:00,1.0577,1.0571700000000002,1.0579145
2017.02.23 19:00:00,1.05764,1.0571700000000002,1.057771
2017.02.23 19:15:00,1.05764,1.05713,1.0576544
2017.02.23 19:30:00,1.05752,1.057,1.0577538
2017.02.23 19:45:00,1.05746,1.0569600000000001,1.0575985
2017.02.23 20:00:00,1.05745,1.0569600000000001,1.0576897
2017.02.23 20:15:00,1.05756,1.0569600000000001,1.0574515
2017.02.23 20:30:00,1.05807,1.0569600000000001,1.0575368
2017.02.23 20:45:00,1.05815,1.0571700000000002,1.0574201
2017.02.23 21:00:00,1.05823,1.05742,1.0576825
2017.02.23 21:15:00,1.0584,1.05751,1.0577852
2017.02.23 21:30:00,1.05854,1.0579,1.058251
2017.02.23 21:45:00,1.05854,1.0579399999999999,1.0582149
2017.02.23 22:00:00,1.05854,1.0580399999999999,1.0583928
2017.02.23 22:15:00,1.05854,1.058,1.0585431
2017.02.23 22:30:00,1.05854,1.0577299999999998,1.0587399
2017.02.23 22:45:00,1.05829,1.05767,1.0585109
2017.02.23 23:00:00,1.05829,1.05767,1.0583903
2017.02.23 23:15:00,1.0582,1.05767,1.0584456
2017.02.23 23:30:00,1.05869,1.05767,1.0581183
2017.02.23 23:45:00,1.05869,1.05766,1.0580744
2017.02.24 00:00:00,1.05893,1.05766,1.0582584
2017.02.24 00:15:00,1.05923,1.05766,1.0582439
2017.02.24 00:30:00,1.05931,1.05766,1.0587173
2017.02.24 00:45:00,1.05975,1.0579100000000001,1.0582341
2017.02.24 01:00:00,1.0598100000000001,1.05844,1.0590172
2017.02.24 01:15:00,1.06008,1.05844,1.0588424
2017.02.24 01:30:00,1.06037,1.05887,1.0594656
2017.02.24 01:45:00,1.06037,1.05902,1.0596712
2017.02.24 02:00:00,1.06037,1.0574,1.0597681
2017.02.24 02:15:00,1.06037,1.05706,1.0599697
2017.02.24 02:30:00,1.05992,1.05706,1.0600528
2017.02.24 02:45:00,1.05935,1.05706,1.0595441
2017.02.24 03:00:00,1.05951,1.05706,1.05812
2017.02.24 03:15:00,1.05951,1.0579,1.0582541
2017.02.24 03:30:00,1.05951,1.05839,1.0585845
2017.02.24 03:45:00,1.05951,1.0587,1.0591727
2017.02.24 04:00:00,1.0594299999999999,1.05833,1.0595266
2017.02.24 04:15:00,1.05946,1.05833,1.0594423
2017.02.24 04:30:00,1.05956,1.05833,1.0593084
2017.02.24 04:45:00,1.06006,1.05833,1.0593342
2017.02.24 05:00:00,1.0609899999999999,1.0588799999999998,1.0592984
2017.02.24 05:15:00,1.0609899999999999,1.05911,1.0594306
2017.02.24 05:30:00,1.0609899999999999,1.05923,1.0595849
2017.02.24 05:45:00,1.06176,1.05944,1.0600982
2017.02.24 06:00:00,1.06176,1.0603200000000002,1.0607961
2017.02.24 06:15:00,1.06176,1.06036,1.0607854
2017.02.24 06:30:00,1.06176,1.06045,1.0608274
2017.02.24 06:45:00,1.06174,1.06051,1.061293
2017.02.24 07:00:00,1.06174,1.06051,1.0611926
2017.02.24 07:15:00,1.06174,1.05923,1.0611157
2017.02.24 07:30:00,1.06174,1.05742,1.0616972
2017.02.24 07:45:00,1.06149,1.05742,1.0611007
2017.02.24 08:00:00,1.06149,1.05654,1.06154
2017.02.24 08:15:00,1.05975,1.05654,1.0600693
2017.02.24 08:30:00,1.05894,1.05654,1.0584168
2017.02.24 08:45:00,1.05894,1.05654,1.0580974
2017.02.24 09:00:00,1.05894,1.0566799999999998,1.0573776
2017.02.24 09:15:00,1.05894,1.0566,1.0581583
2017.02.24 09:30:00,1.05894,1.0566,1.0588136
2017.02.24 09:45:00,1.05887,1.0566,1.0590225
2017.02.24 10:00:00,1.05837,1.0566,1.0572501
2017.02.24 10:15:00,1.0589600000000001,1.05693,1.0577564
2017.02.24 10:30:00,1.05965,1.05752,1.0578836
2017.02.24 10:45:00,1.05965,1.0578,1.0583411
2017.02.24 11:00:00,1.05965,1.05655,1.0582887
2017.02.24 11:15:00,1.05965,1.05655,1.0588577
2017.02.24 11:30:00,1.0590899999999999,1.05655,1.0593219
2017.02.24 11:45:00,1.0580100000000001,1.05655,1.0583943
2017.02.24 12:00:00,1.05772,1.05683,1.0572813
2017.02.24 12:15:00,1.05772,1.0565,1.0577872
2017.02.24 12:30:00,1.05772,1.0558100000000001,1.0576228
2017.02.24 12:45:00,1.05724,1.0558100000000001,1.0576082
2017.02.24 13:00:00,1.05719,1.05571,1.057364
2017.02.24 13:15:00,1.05677,1.05571,1.0569295
2017.02.24 13:30:00,1.05677,1.05571,1.0565398
2017.02.24 13:45:00,1.05677,1.05571,1.0563886
2017.02.24 14:00:00,1.05677,1.05574,1.0565466
2017.02.24 14:15:00,1.05629,1.0557,1.056365
2017.02.24 14:30:00,1.05629,1.05566,1.0563027
2017.02.24 14:45:00,1.05627,1.05566,1.0563027
2017.02.24 15:00:00,1.0562,1.05566,1.0564358
2017.02.24 15:15:00,1.0567600000000001,1.05566,1.0561409
2017.02.24 15:30:00,1.0567600000000001,1.05566,1.0561938
2017.02.24 15:45:00,1.0567600000000001,1.05566,1.0562818
2017.02.26 15:00:00,1.0567600000000001,1.05575,1.0562074
2017.02.26 15:15:00,1.05634,1.05575,1.0567734
2017.02.26 15:30:00,1.0563799999999999,1.05582,1.0562055
2017.02.26 15:45:00,1.0563799999999999,1.05615,1.0564002
2017.02.26 16:00:00,1.0563799999999999,1.05593,1.0565394
2017.02.26 16:15:00,1.0563799999999999,1.05551,1.056566
2017.02.26 16:30:00,1.0564,1.05551,1.0566276
2017.02.26 16:45:00,1.0564,1.05518,1.0565253
2017.02.26 17:00:00,1.0564,1.05518,1.0562805
2017.02.26 17:15:00,1.0564,1.05516,1.0562838
2017.02.26 17:30:00,1.05649,1.05516,1.0563824
2017.02.26 17:45:00,1.05649,1.05516,1.0556899
2017.02.26 18:00:00,1.0567,1.05516,1.0556254
2017.02.26 18:15:00,1.05685,1.0560399999999999,1.056345
2017.02.26 18:30:00,1.0574700000000001,1.0560399999999999,1.0564806
2017.02.26 18:45:00,1.05749,1.05616,1.05664
2017.02.26 19:00:00,1.05749,1.05621,1.0567325
2017.02.26 19:15:00,1.05749,1.0567600000000001,1.0569466
2017.02.26 19:30:00,1.05749,1.0568,1.0574236
2017.02.26 19:45:00,1.05741,1.05671,1.0575871
2017.02.26 20:00:00,1.05741,1.05653,1.0573928
2017.02.26 20:15:00,1.05716,1.05629,1.05748
2017.02.26 20:30:00,1.05687,1.05629,1.0571555
2017.02.26 20:45:00,1.05682,1.05625,1.0571156
2017.02.26 21:00:00,1.05672,1.0561399999999999,1.0568577
2017.02.26 21:15:00,1.05672,1.05613,1.0567389
2017.02.26 21:30:00,1.05667,1.05613,1.0568649
2017.02.26 21:45:00,1.057,1.05613,1.0566716
2017.02.26 22:00:00,1.05705,1.05613,1.0564864
2017.02.26 22:15:00,1.05705,1.0564200000000001,1.056684
2017.02.26 22:30:00,1.05705,1.05646,1.0568849
2017.02.26 22:45:00,1.05705,1.0564799999999999,1.0571736
2017.02.26 23:00:00,1.0568799999999998,1.0563,1.0569478
2017.02.26 23:15:00,1.0568799999999998,1.0563,1.0569826
2017.02.26 23:30:00,1.0568799999999998,1.0563,1.0569369
2017.02.26 23:45:00,1.05694,1.0563,1.0570686
2017.02.27 00:00:00,1.05697,1.05637,1.0569444
2017.02.27 00:15:00,1.05697,1.05643,1.0568876
2017.02.27 00:30:00,1.05697,1.05643,1.0569087
2017.02.27 00:45:00,1.0575,1.05643,1.0571673
2017.02.27 01:00:00,1.0582,1.05643,1.0570521
2017.02.27 01:15:00,1.05874,1.05643,1.057027
2017.02.27 01:30:00,1.05874,1.0565200000000001,1.0568833
2017.02.27 01:45:00,1.05874,1.0566799999999998,1.0573658
2017.02.27 02:00:00,1.05874,1.0566799999999998,1.0582345
2017.02.27 02:15:00,1.05834,1.0566799999999998,1.0580252
2017.02.27 02:30:00,1.05843,1.0566799999999998,1.0580457
2017.02.27 02:45:00,1.05875,1.05711,1.0573678
2017.02.27 03:00:00,1.05875,1.05764,1.0580896
2017.02.27 03:15:00,1.05911,1.05764,1.0583667
2017.02.27 03:30:00,1.05911,1.0580399999999999,1.0585265
2017.02.27 03:45:00,1.05911,1.05785,1.0589046
2017.02.27 04:00:00,1.05911,1.05785,1.0588158
2017.02.27 04:15:00,1.05903,1.05785,1.0588833
2017.02.27 04:30:00,1.05903,1.05785,1.0585082
2017.02.27 04:45:00,1.05903,1.05777,1.0588229
2017.02.27 05:00:00,1.05869,1.05777,1.0585908
2017.02.27 05:15:00,1.05856,1.05777,1.0588456
2017.02.27 05:30:00,1.05867,1.05777,1.0585159
2017.02.27 05:45:00,1.05867,1.05789,1.0582582
2017.02.27 06:00:00,1.05867,1.05803,1.0585127
2017.02.27 06:15:00,1.05881,1.05803,1.0584656
2017.02.27 06:30:00,1.05881,1.05803,1.0587649
2017.02.27 06:45:00,1.0590899999999999,1.05803,1.0586625
2017.02.27 07:00:00,1.06011,1.05805,1.0583938
2017.02.27 07:15:00,1.0602,1.05813,1.0588741
2017.02.27 07:30:00,1.0603200000000002,1.05823,1.05858
2017.02.27 07:45:00,1.06077,1.05882,1.0591655
2017.02.27 08:00:00,1.06077,1.05949,1.0599872
2017.02.27 08:15:00,1.06077,1.0588600000000001,1.0600731
2017.02.27 08:30:00,1.0608600000000001,1.0588600000000001,1.0603437
2017.02.27 08:45:00,1.0608600000000001,1.0588600000000001,1.0605702
2017.02.27 09:00:00,1.06139,1.0588600000000001,1.060073
2017.02.27 09:15:00,1.06233,1.05935,1.0598538
2017.02.27 09:30:00,1.0624200000000001,1.05956,1.0605253
2017.02.27 09:45:00,1.0624200000000001,1.0596,1.0600748
2017.02.27 10:00:00,1.06297,1.06115,1.0613419
2017.02.27 10:15:00,1.06297,1.0615299999999999,1.062209
2017.02.27 10:30:00,1.06297,1.0613700000000001,1.0623251
2017.02.27 10:45:00,1.06297,1.06087,1.0619582
2017.02.27 11:00:00,1.06289,1.06033,1.0627269
2017.02.27 11:15:00,1.0623,1.0601200000000002,1.0625712
2017.02.27 11:30:00,1.06168,1.05965,1.0618615
2017.02.27 11:45:00,1.06101,1.0590600000000001,1.0613875
2017.02.27 12:00:00,1.06067,1.05891,1.0607805
2017.02.27 12:15:00,1.06053,1.05891,1.0607381
2017.02.27 12:30:00,1.0599299999999998,1.05809,1.0600611
2017.02.27 12:45:00,1.05952,1.05809,1.0596004
2017.02.27 13:00:00,1.05952,1.05809,1.0594347
2017.02.27 13:15:00,1.05934,1.05809,1.0595876
2017.02.27 13:30:00,1.05914,1.05826,1.0586488
2017.02.27 13:45:00,1.05914,1.0584,1.0590177
2017.02.27 14:00:00,1.05914,1.0584,1.0589957
2017.02.27 14:15:00,1.05903,1.0584,1.0590948
2017.02.27 14:30:00,1.05903,1.05857,1.0590019
2017.02.27 14:45:00,1.05903,1.05861,1.0590124
2017.02.27 15:00:00,1.05903,1.0584799999999999,1.0591787
2017.02.27 15:15:00,1.0589600000000001,1.0584799999999999,1.05899
2017.02.27 15:30:00,1.0589600000000001,1.0584799999999999,1.0591625
2017.02.27 15:45:00,1.0589600000000001,1.0584,1.0589379
2017.02.27 16:00:00,1.0589600000000001,1.0584,1.058914
2017.02.27 16:15:00,1.0588799999999998,1.0584,1.0589688
2017.02.27 16:30:00,1.0588799999999998,1.0582799999999999,1.0588906
2017.02.27 16:45:00,1.0588799999999998,1.05816,1.0588286
2017.02.27 17:00:00,1.0587,1.0580399999999999,1.0589546
2017.02.27 17:15:00,1.05867,1.05785,1.058903
2017.02.27 17:30:00,1.05854,1.05785,1.0586642
2017.02.27 17:45:00,1.05854,1.05785,1.0585564
2017.02.27 18:00:00,1.05854,1.0571,1.0585893
2017.02.27 18:15:00,1.05854,1.0571,1.058581
2017.02.27 18:30:00,1.05849,1.0571,1.0585637
2017.02.27 18:45:00,1.0585,1.0571,1.058372
2017.02.27 19:00:00,1.0586,1.05774,1.0580841
2017.02.27 19:15:00,1.05863,1.0581399999999999,1.058366
2017.02.27 19:30:00,1.05863,1.05815,1.0585306
2017.02.27 19:45:00,1.05863,1.05825,1.0586194
2017.02.27 20:00:00,1.05863,1.05825,1.0586971
2017.02.27 20:15:00,1.05861,1.0581200000000002,1.0587214
2017.02.27 20:30:00,1.05861,1.0581200000000002,1.0587137
2017.02.27 20:45:00,1.05902,1.0581200000000002,1.0586252
2017.02.27 21:00:00,1.05902,1.0581200000000002,1.0587678
2017.02.27 21:15:00,1.05902,1.05831,1.0585939
2017.02.27 21:30:00,1.05902,1.05844,1.0588071
2017.02.27 21:45:00,1.05918,1.05844,1.0590798
2017.02.27 22:00:00,1.05918,1.0585,1.0588355
2017.02.27 22:15:00,1.05918,1.05867,1.0590116
2017.02.27 22:30:00,1.05918,1.05863,1.0590916
2017.02.27 22:45:00,1.05938,1.05863,1.059381
2017.02.27 23:00:00,1.05952,1.05863,1.0591177
2017.02.27 23:15:00,1.05989,1.05863,1.0590467
2017.02.27 23:30:00,1.06003,1.05872,1.0591477
2017.02.27 23:45:00,1.06003,1.0591700000000002,1.0594659
2017.02.28 00:00:00,1.06034,1.05934,1.0596586
2017.02.28 00:15:00,1.06034,1.05929,1.0599674
2017.02.28 00:30:00,1.06034,1.0590600000000001,1.0600823
2017.02.28 00:45:00,1.06034,1.05853,1.0598798
2017.02.28 01:00:00,1.0601200000000002,1.05841,1.0601324
2017.02.28 01:15:00,1.05987,1.0579,1.0599524
2017.02.28 01:30:00,1.05964,1.0579,1.0598261
2017.02.28 01:45:00,1.0594700000000001,1.0576299999999998,1.0589738
2017.02.28 02:00:00,1.0594700000000001,1.05761,1.0596293
2017.02.28 02:15:00,1.05923,1.05761,1.0586244
2017.02.28 02:30:00,1.05939,1.05761,1.059258
2017.02.28 02:45:00,1.05939,1.05761,1.0581517
2017.02.28 03:00:00,1.05939,1.058,1.0586792
2017.02.28 03:15:00,1.05948,1.058,1.0592421
2017.02.28 03:30:00,1.0599399999999999,1.058,1.0590467
2017.02.28 03:45:00,1.0604200000000001,1.058,1.0587476
2017.02.28 04:00:00,1.0604200000000001,1.05845,1.0589815
2017.02.28 04:15:00,1.06071,1.0593,1.0594159
2017.02.28 04:30:00,1.06071,1.0593,1.0600439
2017.02.28 04:45:00,1.06071,1.0593,1.0601107
2017.02.28 05:00:00,1.06071,1.05934,1.0597904
2017.02.28 05:15:00,1.06049,1.0594299999999999,1.0604994
2017.02.28 05:30:00,1.06054,1.0594299999999999,1.0600948
2017.02.28 05:45:00,1.06054,1.05923,1.0599123
2017.02.28 06:00:00,1.06054,1.05836,1.0603685
2017.02.28 06:15:00,1.06054,1.05836,1.0603586
2017.02.28 06:30:00,1.0600100000000001,1.05836,1.0601121
2017.02.28 06:45:00,1.06073,1.05836,1.0598457
2017.02.28 07:00:00,1.06073,1.0584,1.0588424
2017.02.28 07:15:00,1.06073,1.0591,1.0598214
2017.02.28 07:30:00,1.06073,1.0591,1.0599539
2017.02.28 07:45:00,1.06035,1.05912,1.0599318
2017.02.28 08:00:00,1.06067,1.05912,1.0598761
2017.02.28 08:15:00,1.0619100000000001,1.05912,1.0596013
2017.02.28 08:30:00,1.06231,1.05965,1.0603182
2017.02.28 08:45:00,1.06239,1.05971,1.060046
2017.02.28 09:00:00,1.0629899999999999,1.0601399999999999,1.0607548
2017.02.28 09:15:00,1.0629899999999999,1.06028,1.061655
2017.02.28 09:30:00,1.0629899999999999,1.06028,1.0623068
2017.02.28 09:45:00,1.0629899999999999,1.06028,1.0621684
2017.02.28 10:00:00,1.06287,1.06115,1.0624294
2017.02.28 10:15:00,1.0624799999999999,1.06115,1.0621785
2017.02.28 10:30:00,1.0624799999999999,1.06115,1.0618625
2017.02.28 10:45:00,1.0624799999999999,1.06132,1.0617248
2017.02.28 11:00:00,1.0624799999999999,1.0604799999999999,1.0621121
2017.02.28 11:15:00,1.0624799999999999,1.0604799999999999,1.0619195
2017.02.28 11:30:00,1.06209,1.0604799999999999,1.0622319
2017.02.28 11:45:00,1.06172,1.06028,1.0618697
2017.02.28 12:00:00,1.0611,1.05975,1.0611874
2017.02.28 12:15:00,1.0611,1.05969,1.0610845
2017.02.28 12:30:00,1.0611,1.05969,1.0611899
2017.02.28 12:45:00,1.06066,1.05949,1.0608575
2017.02.28 13:00:00,1.06047,1.05913,1.0604289
2017.02.28 13:15:00,1.06047,1.05913,1.0603389
2017.02.28 13:30:00,1.06005,1.05864,1.0603534
2017.02.28 13:45:00,1.05976,1.05864,1.0599792
2017.02.28 14:00:00,1.05976,1.05864,1.0595778
2017.02.28 14:15:00,1.05976,1.05769,1.0598376
2017.02.28 14:30:00,1.0595,1.05719,1.0592227
2017.02.28 14:45:00,1.0595,1.05708,1.0596626
2017.02.28 15:00:00,1.05948,1.05708,1.0596215
2017.02.28 15:15:00,1.05826,1.05708,1.0584266
2017.02.28 15:30:00,1.05826,1.05708,1.0577279
2017.02.28 15:45:00,1.05826,1.057,1.057871
2017.02.28 16:00:00,1.05777,1.057,1.0579871
2017.02.28 16:15:00,1.05772,1.057,1.0579715
2017.02.28 16:30:00,1.0575,1.05683,1.057567
2017.02.28 16:45:00,1.0575,1.05683,1.0574248
2017.02.28 17:00:00,1.0575,1.05666,1.0575589
2017.02.28 17:15:00,1.05748,1.05633,1.0576761
2017.02.28 17:30:00,1.05721,1.05633,1.057236
2017.02.28 17:45:00,1.05711,1.056,1.0573936
2017.02.28 18:00:00,1.0569,1.05599,1.0571315
2017.02.28 18:15:00,1.0566200000000001,1.0558,1.0567698
2017.02.28 18:30:00,1.0566,1.0555,1.0567771
2017.02.28 18:45:00,1.05655,1.0555,1.0564259
2017.02.28 19:00:00,1.0574,1.0555,1.0565213
2017.02.28 19:15:00,1.05793,1.0555,1.056199
2017.02.28 19:30:00,1.0587799999999998,1.05579,1.0561204
2017.02.28 19:45:00,1.0587799999999998,1.0562200000000002,1.0566167
2017.02.28 20:00:00,1.05879,1.0562200000000002,1.0573488
2017.02.28 20:15:00,1.05879,1.05635,1.0569508
2017.02.28 20:30:00,1.05879,1.05607,1.0582081
2017.02.28 20:45:00,1.05879,1.05567,1.0580909
2017.02.28 21:00:00,1.0579100000000001,1.0554,1.0582426
2017.02.28 21:15:00,1.0567,1.0554,1.0569077
2017.02.28 21:30:00,1.05665,1.05538,1.0567176
2017.02.28 21:45:00,1.05597,1.0550899999999999,1.056276
2017.02.28 22:00:00,1.05597,1.0550700000000002,1.0561236
2017.02.28 22:15:00,1.05576,1.0550700000000002,1.0560454
2017.02.28 22:30:00,1.05551,1.0550700000000002,1.0558186
2017.02.28 22:45:00,1.05565,1.0550700000000002,1.0555323
2017.02.28 23:00:00,1.05566,1.05513,1.0555173
2017.02.28 23:15:00,1.05586,1.05513,1.0555474
2017.02.28 23:30:00,1.0560100000000001,1.05514,1.055502
2017.02.28 23:45:00,1.0560100000000001,1.0553,1.0557779
2017.03.01 00:00:00,1.0560100000000001,1.05534,1.0557928
2017.03.01 00:15:00,1.0560100000000001,1.05376,1.0559342
2017.03.01 00:30:00,1.0559100000000001,1.05376,1.0560102
2017.03.01 00:45:00,1.0559100000000001,1.05376,1.0558391
2017.03.01 01:00:00,1.05577,1.05376,1.0560238
2017.03.01 01:15:00,1.05465,1.05257,1.0546206
2017.03.01 01:30:00,1.05465,1.05257,1.0546292
2017.03.01 01:45:00,1.05446,1.05257,1.0545664
2017.03.01 02:00:00,1.05457,1.05257,1.0543418
2017.03.01 02:15:00,1.05467,1.05298,1.0537952
2017.03.01 02:30:00,1.05467,1.05298,1.0536575
2017.03.01 02:45:00,1.05467,1.05344,1.054229
2017.03.01 03:00:00,1.05469,1.05344,1.0546199
2017.03.01 03:15:00,1.05469,1.05344,1.0546652
2017.03.01 03:30:00,1.05469,1.05336,1.0546868
2017.03.01 03:45:00,1.05469,1.05335,1.0541867
2017.03.01 04:00:00,1.0545200000000001,1.05335,1.0544398
2017.03.01 04:15:00,1.05456,1.05335,1.0540266
2017.03.01 04:30:00,1.05456,1.05335,1.0538908
2017.03.01 04:45:00,1.05456,1.05265,1.0540508
2017.03.01 05:00:00,1.05456,1.05265,1.0546502
2017.03.01 05:15:00,1.0542200000000002,1.05247,1.0541966
2017.03.01 05:30:00,1.054,1.05235,1.05403
2017.03.01 05:45:00,1.0537100000000001,1.05235,1.053605
2017.03.01 06:00:00,1.0536,1.05235,1.0537992
2017.03.01 06:15:00,1.0533700000000001,1.0523,1.05315
2017.03.01 06:30:00,1.0533700000000001,1.05189,1.052882
2017.03.01 06:45:00,1.0533700000000001,1.05145,1.0529917
2017.03.01 07:00:00,1.0533299999999999,1.05145,1.0530955
2017.03.01 07:15:00,1.0533299999999999,1.05145,1.0534583
2017.03.01 07:30:00,1.05266,1.05145,1.0525895
2017.03.01 07:45:00,1.05372,1.05198,1.0524353
2017.03.01 08:00:00,1.05372,1.05198,1.0527617
2017.03.01 08:15:00,1.05446,1.05198,1.0527608
2017.03.01 08:30:00,1.05466,1.05244,1.0527434
2017.03.01 08:45:00,1.05593,1.05259,1.053656
2017.03.01 09:00:00,1.05595,1.05259,1.0535673
2017.03.01 09:15:00,1.05595,1.05388,1.0543455
2017.03.01 09:30:00,1.05643,1.05413,1.0544728
2017.03.01 09:45:00,1.05695,1.0549600000000001,1.05536
2017.03.01 10:00:00,1.05695,1.0549600000000001,1.0558125
2017.03.01 10:15:00,1.05704,1.0554700000000001,1.0559819
2017.03.01 10:30:00,1.05714,1.05571,1.05639
2017.03.01 10:45:00,1.05714,1.05619,1.0569264
2017.03.01 11:00:00,1.05714,1.05619,1.0566136
2017.03.01 11:15:00,1.05714,1.0562,1.0571235
2017.03.01 11:30:00,1.05677,1.05609,1.0569282
2017.03.01 11:45:00,1.0570700000000002,1.05609,1.0567005
2017.03.01 12:00:00,1.0570899999999999,1.05609,1.0567061
2017.03.01 12:15:00,1.0570899999999999,1.05569,1.0566851
2017.03.01 12:30:00,1.0570899999999999,1.05495,1.0565695
2017.03.01 12:45:00,1.0570899999999999,1.0546799999999998,1.0568914
2017.03.01 13:00:00,1.05679,1.0543,1.057021
2017.03.01 13:15:00,1.05578,1.05429,1.0561792
2017.03.01 13:30:00,1.0554700000000001,1.05429,1.0554512
2017.03.01 13:45:00,1.0554700000000001,1.05429,1.0552964
2017.03.01 14:00:00,1.0554700000000001,1.05429,1.054751
2017.03.01 14:15:00,1.0554700000000001,1.0543799999999999,1.0552375
2017.03.01 14:30:00,1.05518,1.05417,1.055322
2017.03.01 14:45:00,1.05518,1.05417,1.0552571
2017.03.01 15:00:00,1.05474,1.05417,1.0550578
2017.03.01 15:15:00,1.05508,1.05417,1.0547658
2017.03.01 15:30:00,1.05508,1.0543799999999999,1.0549122
2017.03.01 15:45:00,1.05508,1.0543799999999999,1.0547546
2017.03.01 16:00:00,1.05508,1.05454,1.0549237
2017.03.01 16:15:00,1.05508,1.05386,1.0552019
2017.03.01 16:30:00,1.05508,1.05386,1.0551244
2017.03.01 16:45:00,1.05508,1.05354,1.0552328
2017.03.01 17:00:00,1.0550700000000002,1.05345,1.0553348
2017.03.01 17:15:00,1.05445,1.05293,1.0543624
2017.03.01 17:30:00,1.05445,1.05293,1.0547123
2017.03.01 17:45:00,1.05378,1.05293,1.0540003
2017.03.01 18:00:00,1.0542799999999999,1.05293,1.053939
2017.03.01 18:15:00,1.05443,1.0532299999999999,1.0535731
2017.03.01 18:30:00,1.05443,1.0533,1.0538533
2017.03.01 18:45:00,1.05443,1.0533,1.0536999
2017.03.01 19:00:00,1.05443,1.05328,1.0543911
2017.03.01 19:15:00,1.05436,1.05284,1.0541041
2017.03.01 19:30:00,1.05398,1.05284,1.0542883
2017.03.01 19:45:00,1.05368,1.05284,1.0540618
2017.03.01 20:00:00,1.05341,1.0528,1.0537425
2017.03.01 20:15:00,1.05336,1.0528,1.0533663
2017.03.01 20:30:00,1.05336,1.0528,1.053427
2017.03.01 20:45:00,1.05336,1.0528,1.0532103
2017.03.01 21:00:00,1.0534299999999999,1.0529600000000001,1.0533183
2017.03.01 21:15:00,1.0534299999999999,1.05298,1.0534614
2017.03.01 21:30:00,1.0534299999999999,1.05292,1.0534991
2017.03.01 21:45:00,1.0534299999999999,1.05292,1.0534586
2017.03.01 22:00:00,1.05344,1.05292,1.0535402
2017.03.01 22:15:00,1.05344,1.05292,1.0534594
2017.03.01 22:30:00,1.05344,1.05304,1.0533946
2017.03.01 22:45:00,1.05344,1.05304,1.0535272
2017.03.01 23:00:00,1.05332,1.05303,1.0535569
2017.03.01 23:15:00,1.0535,1.05294,1.0535058
2017.03.01 23:30:00,1.0536,1.05294,1.0535539
2017.03.01 23:45:00,1.0536,1.05294,1.0534114
2017.03.02 00:00:00,1.0536,1.0526,1.0534285
2017.03.02 00:15:00,1.0536,1.0522,1.0536165
2017.03.02 00:30:00,1.05331,1.0522,1.0536318
2017.03.02 00:45:00,1.05369,1.0522,1.0534456
2017.03.02 01:00:00,1.05407,1.0522,1.0530366
2017.03.02 01:15:00,1.05437,1.05255,1.0528826
2017.03.02 01:30:00,1.05437,1.05293,1.0533245
2017.03.02 01:45:00,1.0544200000000001,1.05311,1.0537698
2017.03.02 02:00:00,1.0545200000000001,1.05311,1.0541236
2017.03.02 02:15:00,1.0545200000000001,1.05311,1.054132
2017.03.02 02:30:00,1.0545200000000001,1.05311,1.0538646
2017.03.02 02:45:00,1.0545200000000001,1.05239,1.0544838
2017.03.02 03:00:00,1.05435,1.05239,1.0544366
2017.03.02 03:15:00,1.05388,1.0522799999999999,1.0542341
2017.03.02 03:30:00,1.05348,1.0522799999999999,1.0537094
2017.03.02 03:45:00,1.0533,1.0522799999999999,1.0530034
2017.03.02 04:00:00,1.0533,1.0522799999999999,1.0530862
2017.03.02 04:15:00,1.0533,1.05226,1.0530528
2017.03.02 04:30:00,1.0533,1.0520399999999999,1.053026
2017.03.02 04:45:00,1.0533,1.0520399999999999,1.053506
2017.03.02 05:00:00,1.0530700000000002,1.0520399999999999,1.0530883
2017.03.02 05:15:00,1.0530700000000002,1.0511,1.0527259
2017.03.02 05:30:00,1.0530700000000002,1.05082,1.053053
2017.03.02 05:45:00,1.05243,1.05082,1.0526627
2017.03.02 06:00:00,1.05224,1.05082,1.0526118
2017.03.02 06:15:00,1.05208,1.05082,1.0516012
2017.03.02 06:30:00,1.05208,1.05094,1.05152
2017.03.02 06:45:00,1.05208,1.0508600000000001,1.0518808
2017.03.02 07:00:00,1.05205,1.0508600000000001,1.0521936
2017.03.02 07:15:00,1.05179,1.0501200000000002,1.0517564
2017.03.02 07:30:00,1.05175,1.0499,1.0520028
2017.03.02 07:45:00,1.05175,1.0499,1.0516568
2017.03.02 08:00:00,1.05141,1.0499,1.0517489
2017.03.02 08:15:00,1.0520399999999999,1.0499,1.0507818
2017.03.02 08:30:00,1.0520399999999999,1.04999,1.050451
2017.03.02 08:45:00,1.0520399999999999,1.05007,1.0511237
2017.03.02 09:00:00,1.0528,1.05044,1.0507696
2017.03.02 09:15:00,1.0528,1.0509700000000002,1.0518571
2017.03.02 09:30:00,1.0528,1.0509700000000002,1.0516201
2017.03.02 09:45:00,1.0528,1.05148,1.0521264
2017.03.02 10:00:00,1.0527799999999998,1.0512700000000001,1.0526778
2017.03.02 10:15:00,1.0525,1.05101,1.0526733
2017.03.02 10:30:00,1.05209,1.05066,1.0524476
2017.03.02 10:45:00,1.0517100000000001,1.05062,1.0519731
2017.03.02 11:00:00,1.0517100000000001,1.05046,1.0517467
2017.03.02 11:15:00,1.05113,1.05023,1.0515252
2017.03.02 11:30:00,1.05114,1.05023,1.051248
2017.03.02 11:45:00,1.05114,1.05023,1.0511094
2017.03.02 12:00:00,1.05114,1.05008,1.0509702
2017.03.02 12:15:00,1.05114,1.0498100000000001,1.050763
2017.03.02 12:30:00,1.05087,1.0495700000000001,1.051184
2017.03.02 12:45:00,1.05064,1.04948,1.0507256
2017.03.02 13:00:00,1.05054,1.04948,1.0508122
2017.03.02 13:15:00,1.05053,1.04948,1.0502706
2017.03.02 13:30:00,1.05074,1.04948,1.0500028
2017.03.02 13:45:00,1.05074,1.04975,1.050237
2017.03.02 14:00:00,1.0508600000000001,1.04998,1.0504142
2017.03.02 14:15:00,1.05088,1.05031,1.0507495
2017.03.02 14:30:00,1.05088,1.05031,1.0507771
2017.03.02 14:45:00,1.05088,1.05049,1.0509499
2017.03.02 15:00:00,1.05088,1.05049,1.0510242
2017.03.02 15:15:00,1.0508600000000001,1.05019,1.0510888
2017.03.02 15:30:00,1.0508600000000001,1.05019,1.050901
2017.03.02 15:45:00,1.0508600000000001,1.05019,1.0509671
2017.03.02 16:00:00,1.05085,1.05019,1.050979
2017.03.02 16:15:00,1.05085,1.0503,1.050854
2017.03.02 16:30:00,1.05084,1.0503,1.0510921
2017.03.02 17:00:00,1.05074,1.0503,1.0509478
2017.03.02 17:15:00,1.05087,1.0502200000000002,1.0509495
2017.03.02 17:30:00,1.05126,1.0502200000000002,1.050788
2017.03.02 17:45:00,1.05144,1.0502200000000002,1.050862
2017.03.02 18:00:00,1.05167,1.0502200000000002,1.050947
2017.03.02 18:15:00,1.05167,1.05061,1.0509129
2017.03.02 18:30:00,1.05167,1.05114,1.0514776
2017.03.02 18:45:00,1.05167,1.05116,1.0514996
2017.03.02 19:00:00,1.0518100000000001,1.05116,1.0518392
2017.03.02 19:15:00,1.0518299999999998,1.05116,1.0517497
2017.03.02 19:30:00,1.0518299999999998,1.05121,1.0517769
2017.03.02 19:45:00,1.0518299999999998,1.05122,1.0517749
2017.03.02 20:00:00,1.0523,1.05122,1.052011
2017.03.02 20:15:00,1.0523,1.05131,1.0517684
2017.03.02 20:30:00,1.0523,1.0513299999999999,1.0518711
2017.03.02 20:45:00,1.0523,1.05146,1.0518386
2017.03.02 21:00:00,1.05229,1.05174,1.0523989
2017.03.02 21:15:00,1.05229,1.0517100000000001,1.0522113
2017.03.02 21:30:00,1.05229,1.0517100000000001,1.0523037
2017.03.02 21:45:00,1.05229,1.0517100000000001,1.0523988
2017.03.02 22:00:00,1.05226,1.0517100000000001,1.0523822
2017.03.02 22:15:00,1.05226,1.05172,1.0521317
2017.03.02 22:30:00,1.05226,1.05166,1.0522432
2017.03.02 22:45:00,1.05207,1.0513700000000001,1.052343
2017.03.02 23:00:00,1.05207,1.0513,1.0522898
2017.03.02 23:15:00,1.05203,1.0513,1.0521969
2017.03.02 23:30:00,1.05203,1.0513,1.0521443
2017.03.02 23:45:00,1.05203,1.0513,1.0517879
2017.03.03 00:00:00,1.05267,1.05158,1.0520282
